state_name,district_name,market_center_name,Variety,group_name,Arrival,MIN,MAX,MODAL,date_arrival
Maharashtra,Sholapur,Akluj,Other,Fruits,1,300,550,500,31-Dec-18
Maharashtra,Sholapur,Akluj,Other,Fruits,1,450,550,500,28-Dec-18
Maharashtra,Sholapur,Akluj,Other,Fruits,1,400,550,500,27-Dec-18
Maharashtra,Sholapur,Akluj,Other,Fruits,1,300,600,400,26-Dec-18
Maharashtra,Sholapur,Akluj,Other,Fruits,1,300,500,400,24-Dec-18
Maharashtra,Sholapur,Akluj,Other,Fruits,1,300,500,400,23-Dec-18
Maharashtra,Sholapur,Akluj,Other,Fruits,1,300,500,400,22-Dec-18
Maharashtra,Sholapur,Akluj,Other,Fruits,1,300,550,450,20-Dec-18
Maharashtra,Sholapur,Akluj,Other,Fruits,1,400,600,500,17-Dec-18
Maharashtra,Sholapur,Akluj,Other,Fruits,1,300,600,500,16-Dec-18
Maharashtra,Sholapur,Akluj,Other,Fruits,1,300,550,400,13-Dec-18
Maharashtra,Sholapur,Akluj,Other,Fruits,1,350,550,500,12-Dec-18
Maharashtra,Sholapur,Akluj,Other,Fruits,1,300,600,500,10-Dec-18
Maharashtra,Sholapur,Akluj,Other,Fruits,1,300,550,500,08-Dec-18
Maharashtra,Sholapur,Akluj,Other,Fruits,1,350,600,400,07-Dec-18
Maharashtra,Sholapur,Akluj,Other,Fruits,1,300,560,450,05-Dec-18
Maharashtra,Sholapur,Akluj,Other,Fruits,1,300,500,400,01-Dec-18
Maharashtra,Sholapur,Akluj,Other,Fruits,1,300,600,500,30-Nov-18
Maharashtra,Sholapur,Akluj,Other,Fruits,1,300,550,400,29-Nov-18
Maharashtra,Sholapur,Akluj,Other,Fruits,1,300,550,500,27-Nov-18
Maharashtra,Sholapur,Akluj,Other,Fruits,1,300,550,400,24-Nov-18
Maharashtra,Sholapur,Akluj,Other,Fruits,1,300,500,400,19-Nov-18
Maharashtra,Sholapur,Akluj,Other,Fruits,1,300,550,400,18-Nov-18
Maharashtra,Sholapur,Akluj,Other,Fruits,1,300,600,500,12-Nov-18
Maharashtra,Sholapur,Akluj,Other,Fruits,1,400,500,500,11-Nov-18
Maharashtra,Sholapur,Akluj,Other,Fruits,1,300,600,500,05-Nov-18
Maharashtra,Sholapur,Akluj,Other,Fruits,1,300,625,550,04-Nov-18
Maharashtra,Sholapur,Akluj,Other,Fruits,1,350,550,500,01-Nov-18
Maharashtra,Sholapur,Akluj,Other,Fruits,1,300,550,400,31-Oct-18
Maharashtra,Sholapur,Akluj,Other,Fruits,1,400,600,500,29-Oct-18
Maharashtra,Sholapur,Akluj,Other,Fruits,1,300,500,400,28-Oct-18
Maharashtra,Sholapur,Akluj,Other,Fruits,1,400,550,500,27-Oct-18
Maharashtra,Sholapur,Akluj,Other,Fruits,1,300,600,500,26-Oct-18
Maharashtra,Sholapur,Akluj,Other,Fruits,1,300,600,500,25-Oct-18
Maharashtra,Sholapur,Akluj,Other,Fruits,1,350,625,500,20-Oct-18
Maharashtra,Sholapur,Akluj,Other,Fruits,1,400,600,500,17-Oct-18
Maharashtra,Sholapur,Akluj,Other,Fruits,1,300,600,500,15-Oct-18
Maharashtra,Sholapur,Akluj,Other,Fruits,1,300,550,500,14-Oct-18
Maharashtra,Sholapur,Akluj,Other,Fruits,1,250,500,400,13-Oct-18
Maharashtra,Sholapur,Akluj,Other,Fruits,1,300,700,500,12-Oct-18
Maharashtra,Sholapur,Akluj,Other,Fruits,1,300,600,400,11-Oct-18
Maharashtra,Sholapur,Akluj,Other,Fruits,1,300,550,450,10-Oct-18
Maharashtra,Sholapur,Akluj,Other,Fruits,1,300,600,500,08-Oct-18
Maharashtra,Sholapur,Akluj,Other,Fruits,1,300,600,500,06-Oct-18
Maharashtra,Sholapur,Akluj,Other,Fruits,1,300,625,550,04-Oct-18
Maharashtra,Sholapur,Akluj,Other,Fruits,1,350,600,500,03-Oct-18
Maharashtra,Sholapur,Akluj,Other,Fruits,1,350,550,500,01-Oct-18
Maharashtra,Sholapur,Akluj,Other,Fruits,1,300,500,500,30-Sep-18
Maharashtra,Sholapur,Akluj,Other,Fruits,1,350,500,400,29-Sep-18
Maharashtra,Sholapur,Akluj,Other,Fruits,1,400,500,400,28-Sep-18
Maharashtra,Sholapur,Akluj,Other,Fruits,1,300,600,500,27-Sep-18
Maharashtra,Sholapur,Akluj,Other,Fruits,1,300,600,400,26-Sep-18
Maharashtra,Sholapur,Akluj,Other,Fruits,1,300,550,500,24-Sep-18
Maharashtra,Sholapur,Akluj,Other,Fruits,1,300,500,400,22-Sep-18
Maharashtra,Sholapur,Akluj,Other,Fruits,1,300,500,400,21-Sep-18
Maharashtra,Sholapur,Akluj,Other,Fruits,1,200,700,500,20-Sep-18
Maharashtra,Sholapur,Akluj,Other,Fruits,1,300,550,400,16-Sep-18
Maharashtra,Sholapur,Akluj,Other,Fruits,1,300,550,400,15-Sep-18
Maharashtra,Sholapur,Akluj,Other,Fruits,1,300,600,500,14-Sep-18
Maharashtra,Sholapur,Akluj,Other,Fruits,1,300,500,400,12-Sep-18
Maharashtra,Sholapur,Akluj,Other,Fruits,1,300,525,400,10-Sep-18
Maharashtra,Sholapur,Akluj,Other,Fruits,1,300,500,400,07-Sep-18
Maharashtra,Sholapur,Akluj,Other,Fruits,1,300,400,400,06-Sep-18
Maharashtra,Sholapur,Akluj,Other,Fruits,1,300,600,500,03-Sep-18
Maharashtra,Sholapur,Akluj,Other,Fruits,1,300,500,400,02-Sep-18
Maharashtra,Sholapur,Akluj,Other,Fruits,1,400,500,500,31-Aug-18
Maharashtra,Sholapur,Akluj,Other,Fruits,1,300,600,500,30-Aug-18
Maharashtra,Sholapur,Akluj,Other,Fruits,1,300,600,500,29-Aug-18
Maharashtra,Sholapur,Akluj,Other,Fruits,1,300,600,500,27-Aug-18
Maharashtra,Sholapur,Akluj,Other,Fruits,1,300,500,400,25-Aug-18
Maharashtra,Sholapur,Akluj,Other,Fruits,1,300,600,500,24-Aug-18
Maharashtra,Sholapur,Akluj,Other,Fruits,1,300,500,400,23-Aug-18
Maharashtra,Sholapur,Akluj,Other,Fruits,2,300,600,500,20-Aug-18
Maharashtra,Sholapur,Akluj,Other,Fruits,1,300,550,400,19-Aug-18
Maharashtra,Sholapur,Akluj,Other,Fruits,1,300,500,400,18-Aug-18
Maharashtra,Sholapur,Akluj,Other,Fruits,1,300,550,400,16-Aug-18
Maharashtra,Sholapur,Akluj,Other,Fruits,1,300,600,400,12-Aug-18
Maharashtra,Sholapur,Akluj,Other,Fruits,1,300,550,500,11-Aug-18
Maharashtra,Sholapur,Akluj,Other,Fruits,1,300,600,400,10-Aug-18
Maharashtra,Sholapur,Akluj,Other,Fruits,1,300,500,400,08-Aug-18
Maharashtra,Sholapur,Akluj,Other,Fruits,2,300,500,400,06-Aug-18
Maharashtra,Sholapur,Akluj,Other,Fruits,1,400,500,450,04-Aug-18
Maharashtra,Sholapur,Akluj,Other,Fruits,2,300,450,400,02-Aug-18
Maharashtra,Sholapur,Akluj,Other,Fruits,1,300,550,350,01-Aug-18
Maharashtra,Sholapur,Akluj,Other,Fruits,2,300,500,400,30-Jul-18
Maharashtra,Sholapur,Akluj,Other,Fruits,2,300,500,450,29-Jul-18
Maharashtra,Sholapur,Akluj,Other,Fruits,1,300,500,400,28-Jul-18
Maharashtra,Sholapur,Akluj,Other,Fruits,2,300,400,400,27-Jul-18
Maharashtra,Sholapur,Akluj,Other,Fruits,2,300,550,450,26-Jul-18
Maharashtra,Sholapur,Akluj,Other,Fruits,1,300,500,450,25-Jul-18
Maharashtra,Sholapur,Akluj,Other,Fruits,2,300,600,400,23-Jul-18
Maharashtra,Sholapur,Akluj,Other,Fruits,1,300,400,400,22-Jul-18
Maharashtra,Sholapur,Akluj,Other,Fruits,1,300,500,400,21-Jul-18
Maharashtra,Sholapur,Akluj,Other,Fruits,1,300,400,400,20-Jul-18
Maharashtra,Sholapur,Akluj,Other,Fruits,1,300,400,400,18-Jul-18
Maharashtra,Sholapur,Akluj,Other,Fruits,1,300,400,400,16-Jul-18
Maharashtra,Sholapur,Akluj,Other,Fruits,1,300,550,400,13-Jul-18
Maharashtra,Sholapur,Akluj,Other,Fruits,1,300,500,400,12-Jul-18
Maharashtra,Sholapur,Akluj,Other,Fruits,1,300,400,300,11-Jul-18
Maharashtra,Sholapur,Akluj,Other,Fruits,2,200,500,300,09-Jul-18
Maharashtra,Sholapur,Akluj,Other,Fruits,1,300,500,400,06-Jul-18
Maharashtra,Sholapur,Akluj,Other,Fruits,1,300,500,400,30-Jun-18
Maharashtra,Sholapur,Akluj,Other,Fruits,1,200,500,300,27-Jun-18
Maharashtra,Sholapur,Akluj,Other,Fruits,1,200,400,300,21-Jun-18
Maharashtra,Sholapur,Akluj,Other,Fruits,1,300,500,400,20-Jun-18
Maharashtra,Sholapur,Akluj,Other,Fruits,1,300,600,400,17-Jun-18
Maharashtra,Sholapur,Akluj,Other,Fruits,1,300,500,400,15-Jun-18
Maharashtra,Sholapur,Akluj,Other,Fruits,1,300,600,400,14-Jun-18
Maharashtra,Sholapur,Akluj,Other,Fruits,1,300,600,400,11-Jun-18
Maharashtra,Sholapur,Akluj,Other,Fruits,1,300,700,550,10-Jun-18
Maharashtra,Sholapur,Akluj,Other,Fruits,1,200,500,300,09-Jun-18
Maharashtra,Sholapur,Akluj,Other,Fruits,1,300,500,400,06-Jun-18
Maharashtra,Sholapur,Akluj,Other,Fruits,1,300,600,500,31-May-18
Maharashtra,Sholapur,Akluj,Other,Fruits,1,300,600,500,09-May-18
Maharashtra,Sholapur,Akluj,Other,Fruits,1,300,650,500,07-May-18
Maharashtra,Sholapur,Akluj,Other,Fruits,1,400,550,500,05-May-18
Maharashtra,Sholapur,Akluj,Other,Fruits,1,300,600,500,04-May-18
Maharashtra,Sholapur,Akluj,Other,Fruits,1,300,500,400,03-May-18
Maharashtra,Sholapur,Akluj,Other,Fruits,1,300,700,500,02-May-18
Maharashtra,Sholapur,Akluj,Other,Fruits,1,300,600,400,28-Apr-18
Maharashtra,Sholapur,Akluj,Other,Fruits,1,300,600,500,27-Apr-18
Maharashtra,Sholapur,Akluj,Other,Fruits,1,300,500,350,26-Apr-18
Maharashtra,Sholapur,Akluj,Other,Fruits,1,300,550,425,25-Apr-18
Maharashtra,Sholapur,Akluj,Other,Fruits,1,300,500,450,23-Apr-18
Maharashtra,Sholapur,Akluj,Other,Fruits,1,300,600,400,21-Apr-18
Maharashtra,Sholapur,Akluj,Other,Fruits,1,300,500,400,20-Apr-18
Maharashtra,Sholapur,Akluj,Other,Fruits,1,300,600,500,19-Apr-18
Maharashtra,Sholapur,Akluj,Other,Fruits,1,350,500,400,18-Apr-18
Maharashtra,Sholapur,Akluj,Other,Fruits,1,300,600,500,16-Apr-18
Maharashtra,Sholapur,Akluj,Other,Fruits,1,400,600,500,15-Apr-18
Maharashtra,Sholapur,Akluj,Other,Fruits,1,350,500,400,13-Apr-18
Maharashtra,Sholapur,Akluj,Other,Fruits,1,300,600,400,12-Apr-18
Maharashtra,Sholapur,Akluj,Other,Fruits,1,300,600,400,11-Apr-18
Maharashtra,Sholapur,Akluj,Other,Fruits,1,350,600,500,07-Apr-18
Maharashtra,Sholapur,Akluj,Other,Fruits,1,300,700,500,06-Apr-18
Maharashtra,Sholapur,Akluj,Other,Fruits,1,300,500,400,05-Apr-18
Maharashtra,Sholapur,Akluj,Other,Fruits,1,300,500,400,04-Apr-18
Maharashtra,Sholapur,Akluj,Other,Fruits,1,300,500,400,02-Apr-18
Maharashtra,Sholapur,Akluj,Other,Fruits,1,300,500,400,01-Apr-18
Maharashtra,Sholapur,Akluj,Other,Fruits,1,300,500,400,31-Mar-18
Maharashtra,Sholapur,Akluj,Other,Fruits,1,300,400,400,29-Mar-18
Maharashtra,Sholapur,Akluj,Other,Fruits,1,300,600,500,28-Mar-18
Maharashtra,Sholapur,Akluj,Other,Fruits,1,300,600,500,26-Mar-18
Maharashtra,Sholapur,Akluj,Other,Fruits,1,200,500,400,25-Mar-18
Maharashtra,Sholapur,Akluj,Other,Fruits,1,300,500,400,24-Mar-18
Maharashtra,Sholapur,Akluj,Other,Fruits,1,300,700,500,23-Mar-18
Maharashtra,Sholapur,Akluj,Other,Fruits,1,300,550,400,22-Mar-18
Maharashtra,Sholapur,Akluj,Other,Fruits,1,300,500,400,21-Mar-18
Maharashtra,Sholapur,Akluj,Other,Fruits,1,300,500,400,17-Mar-18
Maharashtra,Sholapur,Akluj,Other,Fruits,1,300,500,400,16-Mar-18
Maharashtra,Sholapur,Akluj,Other,Fruits,1,300,500,400,15-Mar-18
Maharashtra,Sholapur,Akluj,Other,Fruits,1,300,500,400,14-Mar-18
Maharashtra,Sholapur,Akluj,Other,Fruits,1,200,400,300,12-Mar-18
Maharashtra,Sholapur,Akluj,Other,Fruits,1,300,500,400,09-Mar-18
Maharashtra,Sholapur,Akluj,Other,Fruits,1,300,550,400,08-Mar-18
Maharashtra,Sholapur,Akluj,Other,Fruits,1,300,600,400,07-Mar-18
Maharashtra,Sholapur,Akluj,Other,Fruits,2,300,500,400,05-Mar-18
Maharashtra,Sholapur,Akluj,Other,Fruits,1,300,500,400,03-Mar-18
Maharashtra,Sholapur,Akluj,Other,Fruits,1,300,600,400,01-Mar-18
Maharashtra,Sholapur,Akluj,Other,Fruits,1,300,500,400,28-Feb-18
Maharashtra,Sholapur,Akluj,Other,Fruits,1,400,500,500,26-Feb-18
Maharashtra,Sholapur,Akluj,Other,Fruits,1,300,700,500,25-Feb-18
Maharashtra,Sholapur,Akluj,Other,Fruits,1,300,500,450,23-Feb-18
Maharashtra,Sholapur,Akluj,Other,Fruits,1,300,500,400,22-Feb-18
Maharashtra,Sholapur,Akluj,Other,Fruits,1,300,500,400,03-Feb-18
Maharashtra,Sholapur,Akluj,Other,Fruits,1,300,500,400,07-Jan-18
Maharashtra,Sholapur,Akluj,Other,Fruits,1,300,550,400,04-Jan-18
Maharashtra,Sholapur,Akluj,Other,Fruits,2,300,500,400,01-Jan-18
Maharashtra,Chandrapur,Chandrapur,Other,Fruits,33,200,800,500,27-Mar-18
Maharashtra,Chandrapur,Chandrapur,Other,Fruits,15,300,800,500,24-Mar-18
Maharashtra,Chandrapur,Chandrapur,Other,Fruits,14,300,900,700,22-Mar-18
Maharashtra,Chandrapur,Chandrapur,Other,Fruits,13,300,900,600,21-Mar-18
Maharashtra,Chandrapur,Chandrapur,Other,Fruits,16,300,900,600,20-Mar-18
Maharashtra,Chandrapur,Chandrapur,Other,Fruits,7,300,800,500,09-Mar-18
Maharashtra,Chandrapur,Chandrapur,Other,Fruits,18,500,1000,900,07-Mar-18
Maharashtra,Chandrapur,Chandrapur,Other,Fruits,2,500,1000,900,06-Mar-18
Maharashtra,Chandrapur,Chandrapur,Other,Fruits,10,300,800,500,05-Mar-18
Maharashtra,Chandrapur,Chandrapur,Other,Fruits,6,300,800,500,03-Mar-18
Maharashtra,Chandrapur,Chandrapur,Other,Fruits,7,300,800,500,01-Mar-18
Maharashtra,Chandrapur,Chandrapur,Other,Fruits,3,300,900,600,28-Feb-18
Maharashtra,Chandrapur,Chandrapur,Other,Fruits,7,300,900,600,24-Feb-18
Maharashtra,Chandrapur,Chandrapur,Other,Fruits,8,300,1000,600,22-Feb-18
Maharashtra,Chandrapur,Chandrapur,Other,Fruits,12,300,1000,600,21-Feb-18
Maharashtra,Chandrapur,Chandrapur,Other,Fruits,2,300,700,500,13-Feb-18
Maharashtra,Chandrapur,Chandrapur,Other,Fruits,2,300,700,500,12-Feb-18
Maharashtra,Chandrapur,Chandrapur,Other,Fruits,2,300,800,500,09-Feb-18
Maharashtra,Chandrapur,Chandrapur,Other,Fruits,3,400,1000,600,08-Feb-18
Maharashtra,Chandrapur,Chandrapur,Other,Fruits,2,200,800,400,03-Feb-18
Maharashtra,Chandrapur,Chandrapur,Other,Fruits,2,200,800,400,01-Feb-18
Maharashtra,Chandrapur,Chandrapur,Other,Fruits,6,200,800,400,30-Jan-18
Maharashtra,Chandrapur,Chandrapur,Other,Fruits,9,300,1000,600,05-Jan-18
Maharashtra,Mumbai,Fruit Market,Other,Fruits,150,800,1000,900,31-Dec-18
Maharashtra,Mumbai,Fruit Market,Other,Fruits,198,800,1000,900,29-Dec-18
Maharashtra,Mumbai,Fruit Market,Other,Fruits,284,700,900,800,28-Dec-18
Maharashtra,Mumbai,Fruit Market,Other,Fruits,370,600,800,700,27-Dec-18
Maharashtra,Mumbai,Fruit Market,Other,Fruits,307,700,900,800,26-Dec-18
Maharashtra,Mumbai,Fruit Market,Other,Fruits,397,600,800,700,25-Dec-18
Maharashtra,Mumbai,Fruit Market,Other,Fruits,203,700,900,800,24-Dec-18
Maharashtra,Mumbai,Fruit Market,Other,Fruits,500,500,700,600,22-Dec-18
Maharashtra,Mumbai,Fruit Market,Other,Fruits,32,600,800,700,21-Dec-18
Maharashtra,Mumbai,Fruit Market,Other,Fruits,317,700,900,800,20-Dec-18
Maharashtra,Mumbai,Fruit Market,Other,Fruits,339,600,800,700,19-Dec-18
Maharashtra,Mumbai,Fruit Market,Other,Fruits,465,500,700,600,18-Dec-18
Maharashtra,Mumbai,Fruit Market,Other,Fruits,150,600,800,700,17-Dec-18
Maharashtra,Mumbai,Fruit Market,Other,Fruits,410,500,700,600,15-Dec-18
Maharashtra,Mumbai,Fruit Market,Other,Fruits,405,600,800,700,14-Dec-18
Maharashtra,Mumbai,Fruit Market,Other,Fruits,297,700,900,800,13-Dec-18
Maharashtra,Mumbai,Fruit Market,Other,Fruits,430,700,1100,900,12-Dec-18
Maharashtra,Mumbai,Fruit Market,Other,Fruits,553,600,1000,800,11-Dec-18
Maharashtra,Mumbai,Fruit Market,Other,Fruits,328,600,1000,800,10-Dec-18
Maharashtra,Mumbai,Fruit Market,Other,Fruits,231,700,1100,900,08-Dec-18
Maharashtra,Mumbai,Fruit Market,Other,Fruits,221,800,1200,1000,07-Dec-18
Maharashtra,Mumbai,Fruit Market,Other,Fruits,240,700,1100,900,06-Dec-18
Maharashtra,Mumbai,Fruit Market,Other,Fruits,336,600,1000,800,05-Dec-18
Maharashtra,Mumbai,Fruit Market,Other,Fruits,489,600,1000,800,04-Dec-18
Maharashtra,Mumbai,Fruit Market,Other,Fruits,251,700,1100,900,03-Dec-18
Maharashtra,Mumbai,Fruit Market,Other,Fruits,466,600,1000,800,01-Dec-18
Maharashtra,Mumbai,Fruit Market,Other,Fruits,132,700,1200,900,30-Nov-18
Maharashtra,Mumbai,Fruit Market,Other,Fruits,187,800,1200,1000,29-Nov-18
Maharashtra,Mumbai,Fruit Market,Other,Fruits,409,600,1200,800,26-Nov-18
Maharashtra,Mumbai,Fruit Market,Other,Fruits,376,400,1400,800,24-Nov-18
Maharashtra,Mumbai,Fruit Market,Other,Fruits,287,500,1500,900,23-Nov-18
Maharashtra,Mumbai,Fruit Market,Other,Fruits,68,600,1600,1000,22-Nov-18
Maharashtra,Mumbai,Fruit Market,Other,Fruits,259,700,1400,900,20-Nov-18
Maharashtra,Mumbai,Fruit Market,Other,Fruits,93,800,1500,1000,19-Nov-18
Maharashtra,Mumbai,Fruit Market,Other,Fruits,171,1300,2300,1900,17-Nov-18
Maharashtra,Mumbai,Fruit Market,Other,Fruits,190,1200,2200,1800,16-Nov-18
Maharashtra,Mumbai,Fruit Market,Other,Fruits,104,1400,2400,2000,15-Nov-18
Maharashtra,Mumbai,Fruit Market,Other,Fruits,109,1300,2300,1900,14-Nov-18
Maharashtra,Mumbai,Fruit Market,Other,Fruits,234,1200,2200,1800,13-Nov-18
Maharashtra,Mumbai,Fruit Market,Other,Fruits,39,1300,2300,1800,12-Nov-18
Maharashtra,Mumbai,Fruit Market,Other,Fruits,108,1200,2200,1800,10-Nov-18
Maharashtra,Mumbai,Fruit Market,Other,Fruits,137,1100,1900,1400,09-Nov-18
Maharashtra,Mumbai,Fruit Market,Other,Fruits,129,1200,2000,1500,08-Nov-18
Maharashtra,Mumbai,Fruit Market,Other,Fruits,114,1100,1700,1300,07-Nov-18
Maharashtra,Mumbai,Fruit Market,Other,Fruits,191,1000,1500,1200,06-Nov-18
Maharashtra,Mumbai,Fruit Market,Other,Fruits,10,1200,2200,1700,05-Nov-18
Maharashtra,Mumbai,Fruit Market,Other,Fruits,133,1000,2000,1500,03-Nov-18
Maharashtra,Mumbai,Fruit Market,Other,Fruits,215,800,1600,1200,02-Nov-18
Maharashtra,Mumbai,Fruit Market,Other,Fruits,158,1200,1600,1400,01-Nov-18
Maharashtra,Mumbai,Fruit Market,Other,Fruits,189,1300,1700,1500,31-Oct-18
Maharashtra,Mumbai,Fruit Market,Other,Fruits,256,1200,1600,1400,30-Oct-18
Maharashtra,Mumbai,Fruit Market,Other,Fruits,37,1700,2000,1800,29-Oct-18
Maharashtra,Mumbai,Fruit Market,Other,Fruits,217,1500,1800,1700,27-Oct-18
Maharashtra,Mumbai,Fruit Market,Other,Fruits,225,1700,2000,1900,26-Oct-18
Maharashtra,Mumbai,Fruit Market,Other,Fruits,113,1800,2200,2000,25-Oct-18
Maharashtra,Mumbai,Fruit Market,Other,Fruits,102,2000,2400,2200,24-Oct-18
Maharashtra,Mumbai,Fruit Market,Other,Fruits,131,1900,2300,2100,23-Oct-18
Maharashtra,Mumbai,Fruit Market,Other,Fruits,87,1900,2300,2100,22-Oct-18
Maharashtra,Mumbai,Fruit Market,Other,Fruits,199,1600,2000,1800,19-Oct-18
Maharashtra,Mumbai,Fruit Market,Other,Fruits,251,1500,1900,1700,18-Oct-18
Maharashtra,Mumbai,Fruit Market,Other,Fruits,129,1600,2000,1800,16-Oct-18
Maharashtra,Mumbai,Fruit Market,Other,Fruits,256,1800,2200,2000,13-Oct-18
Maharashtra,Mumbai,Fruit Market,Other,Fruits,265,1600,2000,1800,12-Oct-18
Maharashtra,Mumbai,Fruit Market,Other,Fruits,224,1500,1900,1700,11-Oct-18
Maharashtra,Mumbai,Fruit Market,Other,Fruits,138,1600,2000,1800,10-Oct-18
Maharashtra,Mumbai,Fruit Market,Other,Fruits,240,1400,1800,1600,09-Oct-18
Maharashtra,Mumbai,Fruit Market,Other,Fruits,45,1500,1900,1700,08-Oct-18
Maharashtra,Mumbai,Fruit Market,Other,Fruits,85,1400,1800,1600,06-Oct-18
Maharashtra,Mumbai,Fruit Market,Other,Fruits,188,1300,1700,1500,05-Oct-18
Maharashtra,Mumbai,Fruit Market,Other,Fruits,165,1400,1800,1600,04-Oct-18
Maharashtra,Mumbai,Fruit Market,Other,Fruits,166,1500,1900,1700,03-Oct-18
Maharashtra,Mumbai,Fruit Market,Other,Fruits,192,1400,1800,1600,02-Oct-18
Maharashtra,Mumbai,Fruit Market,Other,Fruits,65,700,1100,900,01-Oct-18
Maharashtra,Mumbai,Fruit Market,Other,Fruits,141,600,1000,800,29-Sep-18
Maharashtra,Mumbai,Fruit Market,Other,Fruits,170,600,1000,800,28-Sep-18
Maharashtra,Mumbai,Fruit Market,Other,Fruits,82,700,1100,900,27-Sep-18
Maharashtra,Mumbai,Fruit Market,Other,Fruits,107,600,1000,800,26-Sep-18
Maharashtra,Mumbai,Fruit Market,Other,Fruits,183,500,900,700,25-Sep-18
Maharashtra,Mumbai,Fruit Market,Other,Fruits,39,600,1000,800,24-Sep-18
Maharashtra,Mumbai,Fruit Market,Other,Fruits,126,400,800,600,22-Sep-18
Maharashtra,Mumbai,Fruit Market,Other,Fruits,96,600,1000,800,21-Sep-18
Maharashtra,Mumbai,Fruit Market,Other,Fruits,135,800,1000,900,20-Sep-18
Maharashtra,Mumbai,Fruit Market,Other,Fruits,142,700,900,800,19-Sep-18
Maharashtra,Mumbai,Fruit Market,Other,Fruits,111,600,1000,800,18-Sep-18
Maharashtra,Mumbai,Fruit Market,Other,Fruits,35,700,1100,900,17-Sep-18
Maharashtra,Mumbai,Fruit Market,Other,Fruits,94,600,1000,800,15-Sep-18
Maharashtra,Mumbai,Fruit Market,Other,Fruits,175,500,900,700,14-Sep-18
Maharashtra,Mumbai,Fruit Market,Other,Fruits,157,600,1000,800,13-Sep-18
Maharashtra,Mumbai,Fruit Market,Other,Fruits,102,700,1100,900,12-Sep-18
Maharashtra,Mumbai,Fruit Market,Other,Fruits,173,500,900,700,11-Sep-18
Maharashtra,Mumbai,Fruit Market,Other,Fruits,26,600,1000,800,10-Sep-18
Maharashtra,Mumbai,Fruit Market,Other,Fruits,173,500,900,700,08-Sep-18
Maharashtra,Mumbai,Fruit Market,Other,Fruits,99,600,1000,800,07-Sep-18
Maharashtra,Mumbai,Fruit Market,Other,Fruits,89,600,1000,800,06-Sep-18
Maharashtra,Mumbai,Fruit Market,Other,Fruits,88,600,1000,800,04-Sep-18
Maharashtra,Mumbai,Fruit Market,Other,Fruits,11,700,1100,900,03-Sep-18
Maharashtra,Mumbai,Fruit Market,Other,Fruits,54,600,1000,800,01-Sep-18
Maharashtra,Mumbai,Fruit Market,Other,Fruits,157,500,900,700,31-Aug-18
Maharashtra,Mumbai,Fruit Market,Other,Fruits,212,600,1000,800,30-Aug-18
Maharashtra,Mumbai,Fruit Market,Other,Fruits,3,500,900,700,27-Aug-18
Maharashtra,Mumbai,Fruit Market,Other,Fruits,303,400,800,600,25-Aug-18
Maharashtra,Mumbai,Fruit Market,Other,Fruits,86,400,1000,800,24-Aug-18
Maharashtra,Mumbai,Fruit Market,Other,Fruits,10,500,1200,900,23-Aug-18
Maharashtra,Mumbai,Fruit Market,Other,Fruits,1,400,1000,800,22-Aug-18
Maharashtra,Mumbai,Fruit Market,Other,Fruits,211,600,1400,1000,21-Aug-18
Maharashtra,Mumbai,Fruit Market,Other,Fruits,31,800,1600,1200,20-Aug-18
Maharashtra,Mumbai,Fruit Market,Other,Fruits,55,800,1600,1200,18-Aug-18
Maharashtra,Mumbai,Fruit Market,Other,Fruits,185,700,1500,1100,17-Aug-18
Maharashtra,Mumbai,Fruit Market,Other,Fruits,231,600,1400,1000,14-Aug-18
Maharashtra,Mumbai,Fruit Market,Other,Fruits,18,700,1500,1200,13-Aug-18
Maharashtra,Mumbai,Fruit Market,Other,Fruits,64,400,800,600,11-Aug-18
Maharashtra,Mumbai,Fruit Market,Other,Fruits,11,600,1000,800,10-Aug-18
Maharashtra,Mumbai,Fruit Market,Other,Fruits,170,500,900,700,08-Aug-18
Maharashtra,Mumbai,Fruit Market,Other,Fruits,289,400,800,600,07-Aug-18
Maharashtra,Mumbai,Fruit Market,Other,Fruits,108,400,800,600,04-Aug-18
Maharashtra,Mumbai,Fruit Market,Other,Fruits,101,600,1000,800,03-Aug-18
Maharashtra,Mumbai,Fruit Market,Other,Fruits,103,700,1100,900,02-Aug-18
Maharashtra,Mumbai,Fruit Market,Other,Fruits,176,600,1000,800,01-Aug-18
Maharashtra,Mumbai,Fruit Market,Other,Fruits,259,500,900,700,31-Jul-18
Maharashtra,Mumbai,Fruit Market,Other,Fruits,18,600,1000,800,30-Jul-18
Maharashtra,Mumbai,Fruit Market,Other,Fruits,146,400,800,600,28-Jul-18
Maharashtra,Mumbai,Fruit Market,Other,Fruits,51,600,1000,800,27-Jul-18
Maharashtra,Mumbai,Fruit Market,Other,Fruits,65,700,1100,900,26-Jul-18
Maharashtra,Mumbai,Fruit Market,Other,Fruits,178,700,1100,900,24-Jul-18
Maharashtra,Mumbai,Fruit Market,Other,Fruits,8,900,1300,1100,23-Jul-18
Maharashtra,Mumbai,Fruit Market,Other,Fruits,102,800,1200,1000,21-Jul-18
Maharashtra,Mumbai,Fruit Market,Other,Fruits,49,900,1300,1100,20-Jul-18
Maharashtra,Mumbai,Fruit Market,Other,Fruits,133,800,1200,1000,19-Jul-18
Maharashtra,Mumbai,Fruit Market,Other,Fruits,73,900,1300,1100,18-Jul-18
Maharashtra,Mumbai,Fruit Market,Other,Fruits,231,800,1200,1000,17-Jul-18
Maharashtra,Mumbai,Fruit Market,Other,Fruits,7,900,1300,1100,16-Jul-18
Maharashtra,Mumbai,Fruit Market,Other,Fruits,84,800,1200,1000,14-Jul-18
Maharashtra,Mumbai,Fruit Market,Other,Fruits,106,700,1100,900,13-Jul-18
Maharashtra,Mumbai,Fruit Market,Other,Fruits,68,800,1200,1000,12-Jul-18
Maharashtra,Mumbai,Fruit Market,Other,Fruits,58,900,1300,1100,11-Jul-18
Maharashtra,Mumbai,Fruit Market,Other,Fruits,193,800,1200,1000,10-Jul-18
Maharashtra,Mumbai,Fruit Market,Other,Fruits,17,900,1300,1200,09-Jul-18
Maharashtra,Mumbai,Fruit Market,Other,Fruits,54,800,1200,1000,07-Jul-18
Maharashtra,Mumbai,Fruit Market,Other,Fruits,39,900,1300,1100,06-Jul-18
Maharashtra,Mumbai,Fruit Market,Other,Fruits,167,700,1100,900,04-Jul-18
Maharashtra,Mumbai,Fruit Market,Other,Fruits,204,600,1000,800,03-Jul-18
Maharashtra,Mumbai,Fruit Market,Other,Fruits,9,800,1200,1000,02-Jul-18
Maharashtra,Mumbai,Fruit Market,Other,Fruits,84,900,1300,1100,30-Jun-18
Maharashtra,Mumbai,Fruit Market,Other,Fruits,118,1000,1400,1200,29-Jun-18
Maharashtra,Mumbai,Fruit Market,Other,Fruits,40,1200,1600,1400,28-Jun-18
Maharashtra,Mumbai,Fruit Market,Other,Fruits,81,1100,1500,1300,27-Jun-18
Maharashtra,Mumbai,Fruit Market,Other,Fruits,174,1000,1400,1200,26-Jun-18
Maharashtra,Mumbai,Fruit Market,Other,Fruits,26,1100,1500,1300,25-Jun-18
Maharashtra,Mumbai,Fruit Market,Other,Fruits,182,1000,1400,1200,23-Jun-18
Maharashtra,Mumbai,Fruit Market,Other,Fruits,274,900,1300,1100,22-Jun-18
Maharashtra,Mumbai,Fruit Market,Other,Fruits,155,1000,1400,1200,21-Jun-18
Maharashtra,Mumbai,Fruit Market,Other,Fruits,261,900,1300,1100,20-Jun-18
Maharashtra,Mumbai,Fruit Market,Other,Fruits,228,800,1200,1000,19-Jun-18
Maharashtra,Mumbai,Fruit Market,Other,Fruits,8,1000,1400,1200,18-Jun-18
Maharashtra,Mumbai,Fruit Market,Other,Fruits,602,1000,1400,1200,15-Jun-18
Maharashtra,Mumbai,Fruit Market,Other,Fruits,763,1000,1600,1400,14-Jun-18
Maharashtra,Mumbai,Fruit Market,Other,Fruits,830,1200,2000,1600,13-Jun-18
Maharashtra,Mumbai,Fruit Market,Other,Fruits,539,1400,2200,1800,12-Jun-18
Maharashtra,Mumbai,Fruit Market,Other,Fruits,548,1600,2400,2000,11-Jun-18
Maharashtra,Mumbai,Fruit Market,Other,Fruits,514,1800,2600,2200,09-Jun-18
Maharashtra,Mumbai,Fruit Market,Other,Fruits,695,1700,2500,2200,08-Jun-18
Maharashtra,Mumbai,Fruit Market,Other,Fruits,802,1500,2300,2000,07-Jun-18
Maharashtra,Mumbai,Fruit Market,Other,Fruits,1153,1400,2000,1800,06-Jun-18
Maharashtra,Mumbai,Fruit Market,Other,Fruits,1049,1000,1400,1200,05-Jun-18
Maharashtra,Mumbai,Fruit Market,Other,Fruits,589,1100,1500,1300,04-Jun-18
Maharashtra,Mumbai,Fruit Market,Other,Fruits,897,1000,1400,1200,02-Jun-18
Maharashtra,Mumbai,Fruit Market,Other,Fruits,919,1000,1500,1300,01-Jun-18
Maharashtra,Mumbai,Fruit Market,Other,Fruits,684,1000,1400,1200,31-May-18
Maharashtra,Mumbai,Fruit Market,Other,Fruits,1147,900,1300,1100,30-May-18
Maharashtra,Mumbai,Fruit Market,Other,Fruits,1073,1000,1400,1200,29-May-18
Maharashtra,Mumbai,Fruit Market,Other,Fruits,455,1000,1400,1200,28-May-18
Maharashtra,Mumbai,Fruit Market,Other,Fruits,775,1000,1400,1200,26-May-18
Maharashtra,Mumbai,Fruit Market,Other,Fruits,753,1100,1500,1300,25-May-18
Maharashtra,Mumbai,Fruit Market,Other,Fruits,1353,1000,1400,1200,24-May-18
Maharashtra,Mumbai,Fruit Market,Other,Fruits,1039,1100,1600,1300,23-May-18
Maharashtra,Mumbai,Fruit Market,Other,Fruits,653,1200,2200,1800,21-May-18
Maharashtra,Mumbai,Fruit Market,Other,Fruits,677,1200,2200,1700,19-May-18
Maharashtra,Mumbai,Fruit Market,Other,Fruits,739,1000,2000,1500,18-May-18
Maharashtra,Mumbai,Fruit Market,Other,Fruits,761,1200,2000,1600,17-May-18
Maharashtra,Mumbai,Fruit Market,Other,Fruits,904,1000,1600,1200,16-May-18
Maharashtra,Mumbai,Fruit Market,Other,Fruits,1550,800,1200,1000,15-May-18
Maharashtra,Mumbai,Fruit Market,Other,Fruits,372,900,1300,1100,14-May-18
Maharashtra,Mumbai,Fruit Market,Other,Fruits,384,800,1200,1000,12-May-18
Maharashtra,Mumbai,Fruit Market,Other,Fruits,478,700,1100,900,11-May-18
Maharashtra,Mumbai,Fruit Market,Other,Fruits,397,800,1200,1000,10-May-18
Maharashtra,Mumbai,Fruit Market,Other,Fruits,619,800,1200,1000,09-May-18
Maharashtra,Mumbai,Fruit Market,Other,Fruits,640,800,1200,1000,08-May-18
Maharashtra,Mumbai,Fruit Market,Other,Fruits,255,900,1300,1100,07-May-18
Maharashtra,Mumbai,Fruit Market,Other,Fruits,524,900,1300,1100,05-May-18
Maharashtra,Mumbai,Fruit Market,Other,Fruits,595,800,1200,1000,04-May-18
Maharashtra,Mumbai,Fruit Market,Other,Fruits,692,700,1100,900,03-May-18
Maharashtra,Mumbai,Fruit Market,Other,Fruits,695,650,1050,850,02-May-18
Maharashtra,Mumbai,Fruit Market,Other,Fruits,841,600,1000,800,01-May-18
Maharashtra,Mumbai,Fruit Market,Other,Fruits,79,700,1100,900,30-Apr-18
Maharashtra,Mumbai,Fruit Market,Other,Fruits,747,800,1200,1000,28-Apr-18
Maharashtra,Mumbai,Fruit Market,Other,Fruits,669,700,1100,1000,27-Apr-18
Maharashtra,Mumbai,Fruit Market,Other,Fruits,837,600,1000,800,26-Apr-18
Maharashtra,Mumbai,Fruit Market,Other,Fruits,869,400,800,600,25-Apr-18
Maharashtra,Mumbai,Fruit Market,Other,Fruits,756,400,800,600,24-Apr-18
Maharashtra,Mumbai,Fruit Market,Other,Fruits,171,500,900,700,23-Apr-18
Maharashtra,Mumbai,Fruit Market,Other,Fruits,1072,500,900,700,21-Apr-18
Maharashtra,Mumbai,Fruit Market,Other,Fruits,976,600,1000,800,20-Apr-18
Maharashtra,Mumbai,Fruit Market,Other,Fruits,739,650,1050,850,19-Apr-18
Maharashtra,Mumbai,Fruit Market,Other,Fruits,964,600,1000,800,18-Apr-18
Maharashtra,Mumbai,Fruit Market,Other,Fruits,908,600,900,700,17-Apr-18
Maharashtra,Mumbai,Fruit Market,Other,Fruits,224,700,1100,900,16-Apr-18
Maharashtra,Mumbai,Fruit Market,Other,Fruits,835,500,900,700,14-Apr-18
Maharashtra,Mumbai,Fruit Market,Other,Fruits,810,600,1000,800,13-Apr-18
Maharashtra,Mumbai,Fruit Market,Other,Fruits,927,600,1000,800,12-Apr-18
Maharashtra,Mumbai,Fruit Market,Other,Fruits,1127,600,900,700,11-Apr-18
Maharashtra,Mumbai,Fruit Market,Other,Fruits,1115,600,1000,800,10-Apr-18
Maharashtra,Mumbai,Fruit Market,Other,Fruits,186,1500,1900,1700,09-Apr-18
Maharashtra,Mumbai,Fruit Market,Other,Fruits,860,1600,2000,1800,07-Apr-18
Maharashtra,Mumbai,Fruit Market,Other,Fruits,660,1700,2100,1900,06-Apr-18
Maharashtra,Mumbai,Fruit Market,Other,Fruits,1103,1600,2000,1800,05-Apr-18
Maharashtra,Mumbai,Fruit Market,Other,Fruits,883,1700,2100,1900,04-Apr-18
Maharashtra,Mumbai,Fruit Market,Other,Fruits,822,1800,2200,2000,03-Apr-18
Maharashtra,Mumbai,Fruit Market,Other,Fruits,1053,1700,2100,1900,31-Mar-18
Maharashtra,Mumbai,Fruit Market,Other,Fruits,55,1700,2100,1900,30-Mar-18
Maharashtra,Mumbai,Fruit Market,Other,Fruits,1260,1800,2200,2000,29-Mar-18
Maharashtra,Mumbai,Fruit Market,Other,Fruits,246,1900,2300,2100,28-Mar-18
Maharashtra,Mumbai,Fruit Market,Other,Fruits,244,1800,2200,2000,26-Mar-18
Maharashtra,Mumbai,Fruit Market,Other,Fruits,888,1700,2100,1900,24-Mar-18
Maharashtra,Mumbai,Fruit Market,Other,Fruits,828,1800,2200,2000,23-Mar-18
Maharashtra,Mumbai,Fruit Market,Other,Fruits,879,1800,2100,2000,22-Mar-18
Maharashtra,Mumbai,Fruit Market,Other,Fruits,894,1750,2050,1950,21-Mar-18
Maharashtra,Mumbai,Fruit Market,Other,Fruits,646,1700,2000,1900,20-Mar-18
Maharashtra,Mumbai,Fruit Market,Other,Fruits,391,1800,2100,2000,19-Mar-18
Maharashtra,Mumbai,Fruit Market,Other,Fruits,1232,1500,1900,1700,17-Mar-18
Maharashtra,Mumbai,Fruit Market,Other,Fruits,656,1600,2000,1800,15-Mar-18
Maharashtra,Mumbai,Fruit Market,Other,Fruits,686,1500,1900,1700,14-Mar-18
Maharashtra,Mumbai,Fruit Market,Other,Fruits,689,1400,1800,1600,13-Mar-18
Maharashtra,Mumbai,Fruit Market,Other,Fruits,334,1400,1800,1600,12-Mar-18
Maharashtra,Mumbai,Fruit Market,Other,Fruits,889,1400,1800,1600,10-Mar-18
Maharashtra,Mumbai,Fruit Market,Other,Fruits,909,1300,1700,1500,09-Mar-18
Maharashtra,Mumbai,Fruit Market,Other,Fruits,989,1200,1700,1400,08-Mar-18
Maharashtra,Mumbai,Fruit Market,Other,Fruits,788,1300,1800,1500,07-Mar-18
Maharashtra,Mumbai,Fruit Market,Other,Fruits,744,1400,2000,1800,06-Mar-18
Maharashtra,Mumbai,Fruit Market,Other,Fruits,247,1200,1800,1600,05-Mar-18
Maharashtra,Mumbai,Fruit Market,Other,Fruits,370,1400,2100,1700,03-Mar-18
Maharashtra,Mumbai,Fruit Market,Other,Fruits,649,1300,2000,1500,01-Mar-18
Maharashtra,Mumbai,Fruit Market,Other,Fruits,767,1200,1800,1400,28-Feb-18
Maharashtra,Mumbai,Fruit Market,Other,Fruits,664,1300,1700,1500,27-Feb-18
Maharashtra,Mumbai,Fruit Market,Other,Fruits,312,1500,1900,1700,26-Feb-18
Maharashtra,Mumbai,Fruit Market,Other,Fruits,573,1400,1800,1600,24-Feb-18
Maharashtra,Mumbai,Fruit Market,Other,Fruits,671,1300,1700,1500,23-Feb-18
Maharashtra,Mumbai,Fruit Market,Other,Fruits,568,1400,1800,1600,22-Feb-18
Maharashtra,Mumbai,Fruit Market,Other,Fruits,728,1200,1600,1400,21-Feb-18
Maharashtra,Mumbai,Fruit Market,Other,Fruits,715,1300,1700,1500,20-Feb-18
Maharashtra,Mumbai,Fruit Market,Other,Fruits,217,1400,1800,1600,19-Feb-18
Maharashtra,Mumbai,Fruit Market,Other,Fruits,307,1300,1700,1500,17-Feb-18
Maharashtra,Mumbai,Fruit Market,Other,Fruits,334,1200,1600,1400,16-Feb-18
Maharashtra,Mumbai,Fruit Market,Other,Fruits,352,1100,1500,1300,15-Feb-18
Maharashtra,Mumbai,Fruit Market,Other,Fruits,500,1000,1400,1200,14-Feb-18
Maharashtra,Mumbai,Fruit Market,Other,Fruits,616,1100,1500,1300,13-Feb-18
Maharashtra,Mumbai,Fruit Market,Other,Fruits,193,1300,1700,1500,12-Feb-18
Maharashtra,Mumbai,Fruit Market,Other,Fruits,300,1200,1600,1400,10-Feb-18
Maharashtra,Mumbai,Fruit Market,Other,Fruits,458,1000,1400,1200,09-Feb-18
Maharashtra,Mumbai,Fruit Market,Other,Fruits,305,900,1300,1100,08-Feb-18
Maharashtra,Mumbai,Fruit Market,Other,Fruits,347,800,1200,1000,07-Feb-18
Maharashtra,Mumbai,Fruit Market,Other,Fruits,374,700,1100,900,06-Feb-18
Maharashtra,Mumbai,Fruit Market,Other,Fruits,135,800,1200,1000,05-Feb-18
Maharashtra,Mumbai,Fruit Market,Other,Fruits,461,700,1100,900,02-Feb-18
Maharashtra,Mumbai,Fruit Market,Other,Fruits,562,600,1000,800,01-Feb-18
Maharashtra,Mumbai,Fruit Market,Other,Fruits,148,600,1000,800,31-Jan-18
Maharashtra,Mumbai,Fruit Market,Other,Fruits,90,700,1100,800,29-Jan-18
Maharashtra,Mumbai,Fruit Market,Other,Fruits,358,600,1000,800,25-Jan-18
Maharashtra,Mumbai,Fruit Market,Other,Fruits,377,700,1100,900,24-Jan-18
Maharashtra,Mumbai,Fruit Market,Other,Fruits,285,600,1000,800,23-Jan-18
Maharashtra,Mumbai,Fruit Market,Other,Fruits,216,800,1100,900,22-Jan-18
Maharashtra,Mumbai,Fruit Market,Other,Fruits,543,700,1000,800,20-Jan-18
Maharashtra,Mumbai,Fruit Market,Other,Fruits,232,800,1100,900,19-Jan-18
Maharashtra,Mumbai,Fruit Market,Other,Fruits,174,900,1200,1000,18-Jan-18
Maharashtra,Mumbai,Fruit Market,Other,Fruits,226,800,1100,900,17-Jan-18
Maharashtra,Mumbai,Fruit Market,Other,Fruits,318,700,1000,800,16-Jan-18
Maharashtra,Mumbai,Fruit Market,Other,Fruits,285,700,900,800,15-Jan-18
Maharashtra,Mumbai,Fruit Market,Other,Fruits,193,800,1000,900,13-Jan-18
Maharashtra,Mumbai,Fruit Market,Other,Fruits,402,700,900,800,12-Jan-18
Maharashtra,Mumbai,Fruit Market,Other,Fruits,342,700,900,800,11-Jan-18
Maharashtra,Mumbai,Fruit Market,Other,Fruits,239,800,1000,900,10-Jan-18
Maharashtra,Mumbai,Fruit Market,Other,Fruits,218,800,1000,900,09-Jan-18
Maharashtra,Mumbai,Fruit Market,Other,Fruits,71,950,1150,1050,08-Jan-18
Maharashtra,Mumbai,Fruit Market,Other,Fruits,323,800,1000,900,06-Jan-18
Maharashtra,Mumbai,Fruit Market,Other,Fruits,143,900,1100,1000,05-Jan-18
Maharashtra,Mumbai,Fruit Market,Other,Fruits,193,850,1050,950,04-Jan-18
Maharashtra,Mumbai,Fruit Market,Other,Fruits,136,900,1100,1000,03-Jan-18
Maharashtra,Mumbai,Fruit Market,Other,Fruits,274,800,1000,900,02-Jan-18
Maharashtra,Mumbai,Fruit Market,Other,Fruits,155,900,1100,1000,01-Jan-18
Maharashtra,Satara,Karad,Other,Fruits,2,500,600,600,03-May-18
Maharashtra,Satara,Karad,Other,Fruits,1,400,600,600,01-May-18
Maharashtra,Satara,Karad,Other,Fruits,3,400,500,500,30-Apr-18
Maharashtra,Satara,Karad,Other,Fruits,3,400,600,600,29-Apr-18
Maharashtra,Satara,Karad,Other,Fruits,2,750,800,800,28-Apr-18
Maharashtra,Satara,Karad,Other,Fruits,5,400,500,500,26-Apr-18
Maharashtra,Satara,Karad,Other,Fruits,4,400,500,500,25-Apr-18
Maharashtra,Satara,Karad,Other,Fruits,3,400,550,550,24-Apr-18
Maharashtra,Satara,Karad,Other,Fruits,2,500,600,600,23-Apr-18
Maharashtra,Satara,Karad,Other,Fruits,5,500,600,600,22-Apr-18
Maharashtra,Satara,Karad,Other,Fruits,5,700,800,800,19-Apr-18
Maharashtra,Satara,Karad,Other,Fruits,3,600,700,700,18-Apr-18
Maharashtra,Satara,Karad,Other,Fruits,1,500,600,600,17-Apr-18
Maharashtra,Satara,Karad,Other,Fruits,2,600,700,700,16-Apr-18
Maharashtra,Satara,Karad,Other,Fruits,3,700,800,800,15-Apr-18
Maharashtra,Satara,Karad,Other,Fruits,4,500,700,700,14-Apr-18
Maharashtra,Satara,Karad,Other,Fruits,5,500,600,600,12-Apr-18
Maharashtra,Satara,Karad,Other,Fruits,3,500,800,800,11-Apr-18
Maharashtra,Satara,Karad,Other,Fruits,4,500,700,700,10-Apr-18
Maharashtra,Satara,Karad,Other,Fruits,3,500,700,700,09-Apr-18
Maharashtra,Satara,Karad,Other,Fruits,6,500,700,700,08-Apr-18
Maharashtra,Satara,Karad,Other,Fruits,5,500,800,800,07-Apr-18
Maharashtra,Satara,Karad,Other,Fruits,2,500,700,700,04-Apr-18
Maharashtra,Satara,Karad,Other,Fruits,5,500,800,800,03-Apr-18
Maharashtra,Satara,Karad,Other,Fruits,5,600,1000,1000,01-Apr-18
Maharashtra,Satara,Karad,Other,Fruits,5,500,800,800,31-Mar-18
Maharashtra,Satara,Karad,Other,Fruits,2,700,900,900,29-Mar-18
Maharashtra,Satara,Karad,Other,Fruits,3,700,900,900,28-Mar-18
Maharashtra,Satara,Karad,Other,Fruits,4,700,900,900,27-Mar-18
Maharashtra,Satara,Karad,Other,Fruits,5,700,900,900,26-Mar-18
Maharashtra,Satara,Karad,Other,Fruits,4,7000,10000,10000,25-Mar-18
Maharashtra,Satara,Karad,Other,Fruits,5,500,700,700,17-Mar-18
Maharashtra,Satara,Karad,Other,Fruits,3,500,800,800,13-Mar-18
Maharashtra,Satara,Karad,Other,Fruits,5,700,800,800,12-Mar-18
Maharashtra,Satara,Karad,Other,Fruits,8,700,800,800,11-Mar-18
Maharashtra,Satara,Karad,Other,Fruits,7,700,800,800,10-Mar-18
Maharashtra,Kolhapur,Kolhapur,Other,Fruits,5,300,1050,675,29-Dec-18
Maharashtra,Kolhapur,Kolhapur,Other,Fruits,2,450,900,675,24-Dec-18
Maharashtra,Kolhapur,Kolhapur,Other,Fruits,1,300,900,600,17-Dec-18
Maharashtra,Kolhapur,Kolhapur,Other,Fruits,3,600,1500,1050,15-Dec-18
Maharashtra,Kolhapur,Kolhapur,Other,Fruits,1,1200,1500,1350,08-Dec-18
Maharashtra,Kolhapur,Kolhapur,Other,Fruits,1,1050,1560,1305,01-Dec-18
Maharashtra,Kolhapur,Kolhapur,Other,Fruits,1,630,1260,930,17-Nov-18
Maharashtra,Kolhapur,Kolhapur,Other,Fruits,1,600,2100,1050,27-Oct-18
Maharashtra,Kolhapur,Kolhapur,Other,Fruits,1,300,480,390,01-Oct-18
Maharashtra,Kolhapur,Kolhapur,Other,Fruits,1,450,750,600,26-Sep-18
Maharashtra,Kolhapur,Kolhapur,Other,Fruits,3,300,1800,1050,13-Jun-18
Maharashtra,Kolhapur,Kolhapur,Other,Fruits,2,150,375,240,07-Jun-18
Maharashtra,Kolhapur,Kolhapur,Other,Fruits,2,300,1500,900,06-Jun-18
Maharashtra,Kolhapur,Kolhapur,Other,Fruits,2,300,1500,900,04-Jun-18
Maharashtra,Kolhapur,Kolhapur,Other,Fruits,2,150,600,375,02-Jun-18
Maharashtra,Kolhapur,Kolhapur,Other,Fruits,1,150,1050,600,31-May-18
Maharashtra,Kolhapur,Kolhapur,Other,Fruits,2,600,1500,975,28-May-18
Maharashtra,Kolhapur,Kolhapur,Other,Fruits,3,450,1500,975,26-May-18
Maharashtra,Kolhapur,Kolhapur,Other,Fruits,2,300,1200,750,23-May-18
Maharashtra,Kolhapur,Kolhapur,Other,Fruits,2,300,1200,750,21-May-18
Maharashtra,Kolhapur,Kolhapur,Other,Fruits,17,300,1800,1050,19-May-18
Maharashtra,Kolhapur,Kolhapur,Other,Fruits,2,300,1800,1050,17-May-18
Maharashtra,Kolhapur,Kolhapur,Other,Fruits,5,300,2400,1275,16-May-18
Maharashtra,Kolhapur,Kolhapur,Other,Fruits,11,300,2100,1200,14-May-18
Maharashtra,Kolhapur,Kolhapur,Other,Fruits,8,300,2100,1200,12-May-18
Maharashtra,Kolhapur,Kolhapur,Other,Fruits,9,300,600,450,10-May-18
Maharashtra,Kolhapur,Kolhapur,Other,Fruits,16,150,2400,1200,09-May-18
Maharashtra,Kolhapur,Kolhapur,Other,Fruits,13,300,1500,900,08-May-18
Maharashtra,Kolhapur,Kolhapur,Other,Fruits,17,300,2100,1200,07-May-18
Maharashtra,Kolhapur,Kolhapur,Other,Fruits,4,330,1350,840,06-May-18
Maharashtra,Kolhapur,Kolhapur,Other,Fruits,24,300,2400,1200,05-May-18
Maharashtra,Kolhapur,Kolhapur,Other,Fruits,49,300,3600,1200,02-May-18
Maharashtra,Kolhapur,Kolhapur,Other,Fruits,3,450,1500,975,01-May-18
Maharashtra,Kolhapur,Kolhapur,Other,Fruits,45,300,3000,1050,30-Apr-18
Maharashtra,Kolhapur,Kolhapur,Other,Fruits,16,180,1800,900,29-Apr-18
Maharashtra,Kolhapur,Kolhapur,Other,Fruits,37,300,4500,1350,28-Apr-18
Maharashtra,Kolhapur,Kolhapur,Other,Fruits,8,150,1200,750,26-Apr-18
Maharashtra,Kolhapur,Kolhapur,Other,Fruits,48,300,2400,1200,25-Apr-18
Maharashtra,Kolhapur,Kolhapur,Other,Fruits,16,180,1950,1050,24-Apr-18
Maharashtra,Kolhapur,Kolhapur,Other,Fruits,79,300,2400,1050,23-Apr-18
Maharashtra,Kolhapur,Kolhapur,Other,Fruits,37,300,3000,1200,22-Apr-18
Maharashtra,Kolhapur,Kolhapur,Other,Fruits,86,150,3600,1050,21-Apr-18
Maharashtra,Kolhapur,Kolhapur,Other,Fruits,11,180,3600,1350,19-Apr-18
Maharashtra,Kolhapur,Kolhapur,Other,Fruits,63,150,3000,1200,18-Apr-18
Maharashtra,Kolhapur,Kolhapur,Other,Fruits,20,150,1800,900,17-Apr-18
Maharashtra,Kolhapur,Kolhapur,Other,Fruits,42,150,4200,1050,16-Apr-18
Maharashtra,Kolhapur,Kolhapur,Other,Fruits,26,150,1800,750,15-Apr-18
Maharashtra,Kolhapur,Kolhapur,Other,Fruits,44,150,1800,750,12-Apr-18
Maharashtra,Kolhapur,Kolhapur,Other,Fruits,80,150,3600,1050,11-Apr-18
Maharashtra,Kolhapur,Kolhapur,Other,Fruits,9,150,1950,900,10-Apr-18
Maharashtra,Kolhapur,Kolhapur,Other,Fruits,35,150,1800,900,08-Apr-18
Maharashtra,Kolhapur,Kolhapur,Other,Fruits,72,150,4500,1200,07-Apr-18
Maharashtra,Kolhapur,Kolhapur,Other,Fruits,43,300,1800,900,05-Apr-18
Maharashtra,Kolhapur,Kolhapur,Other,Fruits,57,150,4500,1050,04-Apr-18
Maharashtra,Kolhapur,Kolhapur,Other,Fruits,40,150,1800,900,01-Apr-18
Maharashtra,Kolhapur,Kolhapur,Other,Fruits,185,600,3900,1500,31-Mar-18
Maharashtra,Kolhapur,Kolhapur,Other,Fruits,164,300,3900,1500,24-Mar-18
Maharashtra,Kolhapur,Kolhapur,Other,Fruits,46,150,3600,1200,19-Mar-18
Maharashtra,Kolhapur,Kolhapur,Other,Fruits,66,300,3750,1200,17-Mar-18
Maharashtra,Kolhapur,Kolhapur,Other,Fruits,71,150,4500,1650,07-Mar-18
Maharashtra,Kolhapur,Kolhapur,Other,Fruits,65,150,4500,1200,03-Mar-18
Maharashtra,Kolhapur,Kolhapur,Other,Fruits,21,150,4500,1200,19-Feb-18
Maharashtra,Kolhapur,Kolhapur,Other,Fruits,1,300,600,450,18-Feb-18
Maharashtra,Kolhapur,Kolhapur,Other,Fruits,40,150,3300,900,17-Feb-18
Maharashtra,Kolhapur,Kolhapur,Other,Fruits,49,150,3600,1200,14-Feb-18
Maharashtra,Kolhapur,Kolhapur,Other,Fruits,10,150,1050,600,13-Feb-18
Maharashtra,Kolhapur,Kolhapur,Other,Fruits,49,150,4200,1200,12-Feb-18
Maharashtra,Kolhapur,Kolhapur,Other,Fruits,49,150,6000,1050,10-Feb-18
Maharashtra,Kolhapur,Kolhapur,Other,Fruits,27,300,2700,1500,03-Feb-18
Maharashtra,Nashik,Nasik,Other,Fruits,35,500,1200,900,09-May-18
Maharashtra,Osmanabad,Osmanabad,Other,Fruits,3,525,625,575,30-May-18
Maharashtra,Osmanabad,Osmanabad,Other,Fruits,3,600,875,735,27-May-18
Maharashtra,Osmanabad,Osmanabad,Other,Fruits,1,500,1000,750,26-May-18
Maharashtra,Osmanabad,Osmanabad,Other,Fruits,1,750,950,850,25-May-18
Maharashtra,Osmanabad,Osmanabad,Other,Fruits,1,800,1000,900,20-May-18
Maharashtra,Osmanabad,Osmanabad,Other,Fruits,3,500,850,675,17-May-18
Maharashtra,Osmanabad,Osmanabad,Other,Fruits,2,500,500,500,19-Apr-18
Maharashtra,Osmanabad,Osmanabad,Other,Fruits,1,400,400,400,14-Apr-18
Maharashtra,Osmanabad,Osmanabad,Other,Fruits,2,300,500,400,13-Apr-18
Maharashtra,Osmanabad,Osmanabad,Other,Fruits,2,250,425,335,12-Apr-18
Maharashtra,Osmanabad,Osmanabad,Other,Fruits,1,400,425,410,11-Apr-18
Maharashtra,Osmanabad,Osmanabad,Other,Fruits,1,275,450,360,10-Apr-18
Maharashtra,Osmanabad,Osmanabad,Other,Fruits,2,400,400,400,08-Apr-18
Maharashtra,Osmanabad,Osmanabad,Other,Fruits,8,225,450,335,06-Apr-18
Maharashtra,Osmanabad,Osmanabad,Other,Fruits,3,275,275,275,05-Apr-18
Maharashtra,Osmanabad,Osmanabad,Other,Fruits,1,450,450,450,02-Apr-18
Maharashtra,Osmanabad,Osmanabad,Other,Fruits,2,400,550,475,01-Apr-18
Maharashtra,Osmanabad,Osmanabad,Other,Fruits,6,350,450,375,29-Mar-18
Maharashtra,Osmanabad,Osmanabad,Other,Fruits,7,300,700,500,28-Mar-18
Maharashtra,Osmanabad,Osmanabad,Other,Fruits,1,400,650,525,27-Mar-18
Maharashtra,Osmanabad,Osmanabad,Other,Fruits,2,400,850,625,25-Mar-18
Maharashtra,Osmanabad,Osmanabad,Other,Fruits,2,425,700,560,23-Mar-18
Maharashtra,Osmanabad,Osmanabad,Other,Fruits,2,600,725,660,20-Mar-18
Maharashtra,Osmanabad,Osmanabad,Other,Fruits,2,500,700,600,18-Mar-18
Maharashtra,Osmanabad,Osmanabad,Other,Fruits,1,600,600,600,08-Mar-18
Maharashtra,Osmanabad,Osmanabad,Other,Fruits,3,425,1100,760,04-Mar-18
Maharashtra,Satara,Palthan,Other,Fruits,4,500,900,700,29-Apr-18
Maharashtra,Satara,Palthan,Other,Fruits,6,500,1000,800,25-Apr-18
Maharashtra,Satara,Palthan,Other,Fruits,8,500,800,600,08-Apr-18
Maharashtra,Satara,Palthan,Other,Fruits,10,250,1000,750,04-Apr-18
Maharashtra,Satara,Palthan,Other,Fruits,8,300,1000,700,03-Apr-18
Maharashtra,Satara,Palthan,Other,Fruits,8,400,1100,900,27-Mar-18
Maharashtra,Satara,Palthan,Other,Fruits,10,500,1000,900,25-Mar-18
Maharashtra,Satara,Palthan,Other,Fruits,6,500,1000,800,24-Mar-18
Maharashtra,Satara,Palthan,Other,Fruits,8,500,1100,1000,23-Mar-18
Maharashtra,Satara,Palthan,Other,Fruits,4,700,1100,900,27-Feb-18
Maharashtra,Pune,Pune,Other,Fruits,28,300,800,400,31-Dec-18
Maharashtra,Pune,Pune,Other,Fruits,24,500,800,600,30-Dec-18
Maharashtra,Pune,Pune,Other,Fruits,22,500,800,600,28-Dec-18
Maharashtra,Pune,Pune,Other,Fruits,19,500,800,600,27-Dec-18
Maharashtra,Pune,Pune,Other,Fruits,17,500,1000,600,26-Dec-18
Maharashtra,Pune,Pune,Other,Fruits,13,500,800,700,24-Dec-18
Maharashtra,Pune,Pune,Other,Fruits,19,500,1000,600,23-Dec-18
Maharashtra,Pune,Pune,Other,Fruits,6,500,1200,1000,21-Dec-18
Maharashtra,Pune,Pune,Other,Fruits,18,500,1200,1000,20-Dec-18
Maharashtra,Pune,Pune,Other,Fruits,11,500,1200,1000,19-Dec-18
Maharashtra,Pune,Pune,Other,Fruits,34,500,1000,700,18-Dec-18
Maharashtra,Pune,Pune,Other,Fruits,20,500,1200,1000,17-Dec-18
Maharashtra,Pune,Pune,Other,Fruits,16,500,1000,800,16-Dec-18
Maharashtra,Pune,Pune,Other,Fruits,17,500,1200,1000,14-Dec-18
Maharashtra,Pune,Pune,Other,Fruits,19,500,1200,1000,13-Dec-18
Maharashtra,Pune,Pune,Other,Fruits,2,500,1000,800,12-Dec-18
Maharashtra,Pune,Pune,Other,Fruits,23,500,1000,700,11-Dec-18
Maharashtra,Pune,Pune,Other,Fruits,17,500,1000,800,10-Dec-18
Maharashtra,Pune,Pune,Other,Fruits,20,500,800,700,09-Dec-18
Maharashtra,Pune,Pune,Other,Fruits,9,500,800,700,07-Dec-18
Maharashtra,Pune,Pune,Other,Fruits,17,500,1200,1000,06-Dec-18
Maharashtra,Pune,Pune,Other,Fruits,28,500,1000,700,05-Dec-18
Maharashtra,Pune,Pune,Other,Fruits,19,500,1000,800,04-Dec-18
Maharashtra,Pune,Pune,Other,Fruits,11,500,1000,800,03-Dec-18
Maharashtra,Pune,Pune,Other,Fruits,5,500,1200,1000,02-Dec-18
Maharashtra,Pune,Pune,Other,Fruits,3,500,1000,800,30-Nov-18
Maharashtra,Pune,Pune,Other,Fruits,8,500,1000,800,29-Nov-18
Maharashtra,Pune,Pune,Other,Fruits,22,500,1000,800,28-Nov-18
Maharashtra,Pune,Pune,Other,Fruits,9,500,10000,8000,26-Nov-18
Maharashtra,Pune,Pune,Other,Fruits,20,500,1000,800,25-Nov-18
Maharashtra,Pune,Pune,Other,Fruits,10,500,800,700,22-Nov-18
Maharashtra,Pune,Pune,Other,Fruits,8,500,1000,800,21-Nov-18
Maharashtra,Pune,Pune,Other,Fruits,27,500,1000,800,20-Nov-18
Maharashtra,Pune,Pune,Other,Fruits,16,500,1000,800,19-Nov-18
Maharashtra,Pune,Pune,Other,Fruits,16,500,1500,1000,18-Nov-18
Maharashtra,Pune,Pune,Other,Fruits,8,500,1500,1000,16-Nov-18
Maharashtra,Pune,Pune,Other,Fruits,6,500,1500,1000,15-Nov-18
Maharashtra,Pune,Pune,Other,Fruits,6,500,1500,1000,14-Nov-18
Maharashtra,Pune,Pune,Other,Fruits,8,500,1500,1000,13-Nov-18
Maharashtra,Pune,Pune,Other,Fruits,5,500,1500,1000,09-Nov-18
Maharashtra,Pune,Pune,Other,Fruits,3,500,1500,1000,07-Nov-18
Maharashtra,Pune,Pune,Other,Fruits,10,500,1500,1000,06-Nov-18
Maharashtra,Pune,Pune,Other,Fruits,15,500,15000,1000,05-Nov-18
Maharashtra,Pune,Pune,Other,Fruits,39,500,1800,1000,04-Nov-18
Maharashtra,Pune,Pune,Other,Fruits,34,500,2000,1000,02-Nov-18
Maharashtra,Pune,Pune,Other,Fruits,34,700,2000,1000,01-Nov-18
Maharashtra,Pune,Pune,Other,Fruits,23,700,2000,1000,31-Oct-18
Maharashtra,Pune,Pune,Other,Fruits,24,500,2000,1000,30-Oct-18
Maharashtra,Pune,Pune,Other,Fruits,16,500,2000,1000,28-Oct-18
Maharashtra,Pune,Pune,Other,Fruits,16,500,1500,1000,26-Oct-18
Maharashtra,Pune,Pune,Other,Fruits,7,500,2000,1000,25-Oct-18
Maharashtra,Pune,Pune,Other,Fruits,14,500,2000,1000,24-Oct-18
Maharashtra,Pune,Pune,Other,Fruits,22,700,2200,1000,23-Oct-18
Maharashtra,Pune,Pune,Other,Fruits,16,500,2000,1000,22-Oct-18
Maharashtra,Pune,Pune,Other,Fruits,7,500,1500,1000,21-Oct-18
Maharashtra,Pune,Pune,Other,Fruits,14,500,1500,1000,19-Oct-18
Maharashtra,Pune,Pune,Other,Fruits,17,500,1800,1000,18-Oct-18
Maharashtra,Pune,Pune,Other,Fruits,26,500,1600,1000,17-Oct-18
Maharashtra,Pune,Pune,Other,Fruits,23,500,2000,1000,16-Oct-18
Maharashtra,Pune,Pune,Other,Fruits,28,500,2000,1000,15-Oct-18
Maharashtra,Pune,Pune,Other,Fruits,14,500,2000,1000,14-Oct-18
Maharashtra,Pune,Pune,Other,Fruits,16,500,2000,1000,12-Oct-18
Maharashtra,Pune,Pune,Other,Fruits,3,500,1800,1000,11-Oct-18
Maharashtra,Pune,Pune,Other,Fruits,22,500,1000,800,09-Oct-18
Maharashtra,Pune,Pune,Other,Fruits,30,500,1500,900,08-Oct-18
Maharashtra,Pune,Pune,Other,Fruits,26,500,1500,1000,07-Oct-18
Maharashtra,Pune,Pune,Other,Fruits,9,500,1600,1000,05-Oct-18
Maharashtra,Pune,Pune,Other,Fruits,11,500,1000,800,04-Oct-18
Maharashtra,Pune,Pune,Other,Fruits,23,500,1200,1000,03-Oct-18
Maharashtra,Pune,Pune,Other,Fruits,7,500,1500,1000,02-Oct-18
Maharashtra,Pune,Pune,Other,Fruits,18,500,1500,1000,01-Oct-18
Maharashtra,Pune,Pune,Other,Fruits,8,500,2000,1000,30-Sep-18
Maharashtra,Pune,Pune,Other,Fruits,4,300,700,400,28-Sep-18
Maharashtra,Pune,Pune,Other,Fruits,13,300,700,500,27-Sep-18
Maharashtra,Pune,Pune,Other,Fruits,14,500,1200,1000,26-Sep-18
Maharashtra,Pune,Pune,Other,Fruits,17,300,700,500,25-Sep-18
Maharashtra,Pune,Pune,Other,Fruits,36,300,700,500,23-Sep-18
Maharashtra,Pune,Pune,Other,Fruits,14,300,700,500,21-Sep-18
Maharashtra,Pune,Pune,Other,Fruits,15,500,1200,800,20-Sep-18
Maharashtra,Pune,Pune,Other,Fruits,22,500,700,600,19-Sep-18
Maharashtra,Pune,Pune,Other,Fruits,5,500,800,700,18-Sep-18
Maharashtra,Pune,Pune,Other,Fruits,6,300,700,400,17-Sep-18
Maharashtra,Pune,Pune,Other,Fruits,16,300,800,500,16-Sep-18
Maharashtra,Pune,Pune,Other,Fruits,20,500,700,600,14-Sep-18
Maharashtra,Pune,Pune,Other,Fruits,25,500,1200,1000,13-Sep-18
Maharashtra,Pune,Pune,Other,Fruits,22,300,600,400,12-Sep-18
Maharashtra,Pune,Pune,Other,Fruits,16,300,600,400,11-Sep-18
Maharashtra,Pune,Pune,Other,Fruits,14,300,700,500,10-Sep-18
Maharashtra,Pune,Pune,Other,Fruits,30,300,700,500,09-Sep-18
Maharashtra,Pune,Pune,Other,Fruits,20,300,600,400,07-Sep-18
Maharashtra,Pune,Pune,Other,Fruits,16,300,600,500,06-Sep-18
Maharashtra,Pune,Pune,Other,Fruits,12,300,500,400,05-Sep-18
Maharashtra,Pune,Pune,Other,Fruits,4,300,600,500,04-Sep-18
Maharashtra,Pune,Pune,Other,Fruits,18,200,500,300,03-Sep-18
Maharashtra,Pune,Pune,Other,Fruits,20,300,500,400,02-Sep-18
Maharashtra,Pune,Pune,Other,Fruits,8,300,600,500,30-Aug-18
Maharashtra,Pune,Pune,Other,Fruits,9,300,600,500,29-Aug-18
Maharashtra,Pune,Pune,Other,Fruits,3,300,500,400,28-Aug-18
Maharashtra,Pune,Pune,Other,Fruits,4,300,500,400,27-Aug-18
Maharashtra,Pune,Pune,Other,Fruits,4,300,500,400,26-Aug-18
Maharashtra,Pune,Pune,Other,Fruits,2,300,500,400,24-Aug-18
Maharashtra,Pune,Pune,Other,Fruits,10,300,500,400,22-Aug-18
Maharashtra,Pune,Pune,Other,Fruits,19,500,700,600,21-Aug-18
Maharashtra,Pune,Pune,Other,Fruits,24,500,700,600,20-Aug-18
Maharashtra,Pune,Pune,Other,Fruits,22,500,700,600,19-Aug-18
Maharashtra,Pune,Pune,Other,Fruits,19,500,800,700,17-Aug-18
Maharashtra,Pune,Pune,Other,Fruits,22,500,800,700,16-Aug-18
Maharashtra,Pune,Pune,Other,Fruits,9,500,700,600,14-Aug-18
Maharashtra,Pune,Pune,Other,Fruits,14,300,700,400,13-Aug-18
Maharashtra,Pune,Pune,Other,Fruits,16,300,700,400,12-Aug-18
Maharashtra,Pune,Pune,Other,Fruits,28,300,700,500,10-Aug-18
Maharashtra,Pune,Pune,Other,Fruits,20,300,700,400,08-Aug-18
Maharashtra,Pune,Pune,Other,Fruits,19,300,700,500,07-Aug-18
Maharashtra,Pune,Pune,Other,Fruits,34,500,700,600,06-Aug-18
Maharashtra,Pune,Pune,Other,Fruits,25,300,800,600,05-Aug-18
Maharashtra,Pune,Pune,Other,Fruits,16,300,700,500,03-Aug-18
Maharashtra,Pune,Pune,Other,Fruits,28,300,700,500,02-Aug-18
Maharashtra,Pune,Pune,Other,Fruits,18,300,500,400,01-Aug-18
Maharashtra,Pune,Pune,Other,Fruits,15,500,700,600,31-Jul-18
Maharashtra,Pune,Pune,Other,Fruits,16,500,700,600,29-Jul-18
Maharashtra,Pune,Pune,Other,Fruits,13,500,800,700,27-Jul-18
Maharashtra,Pune,Pune,Other,Fruits,23,500,800,700,26-Jul-18
Maharashtra,Pune,Pune,Other,Fruits,6,500,700,600,25-Jul-18
Maharashtra,Pune,Pune,Other,Fruits,12,500,700,600,24-Jul-18
Maharashtra,Pune,Pune,Other,Fruits,6,500,800,700,23-Jul-18
Maharashtra,Pune,Pune,Other,Fruits,12,500,800,700,22-Jul-18
Maharashtra,Pune,Pune,Other,Fruits,6,500,800,700,20-Jul-18
Maharashtra,Pune,Pune,Other,Fruits,9,500,800,700,19-Jul-18
Maharashtra,Pune,Pune,Other,Fruits,14,500,700,600,18-Jul-18
Maharashtra,Pune,Pune,Other,Fruits,4,500,700,600,17-Jul-18
Maharashtra,Pune,Pune,Other,Fruits,15,500,800,700,16-Jul-18
Maharashtra,Pune,Pune,Other,Fruits,6,500,1000,900,15-Jul-18
Maharashtra,Pune,Pune,Other,Fruits,10,500,800,700,13-Jul-18
Maharashtra,Pune,Pune,Other,Fruits,11,500,800,700,12-Jul-18
Maharashtra,Pune,Pune,Other,Fruits,11,500,1000,900,11-Jul-18
Maharashtra,Pune,Pune,Other,Fruits,4,500,1000,900,10-Jul-18
Maharashtra,Pune,Pune,Other,Fruits,16,500,800,700,09-Jul-18
Maharashtra,Pune,Pune,Other,Fruits,15,500,700,600,08-Jul-18
Maharashtra,Pune,Pune,Other,Fruits,8,500,800,700,06-Jul-18
Maharashtra,Pune,Pune,Other,Fruits,7,500,700,600,05-Jul-18
Maharashtra,Pune,Pune,Other,Fruits,10,500,1200,1000,04-Jul-18
Maharashtra,Pune,Pune,Other,Fruits,12,500,1000,900,03-Jul-18
Maharashtra,Pune,Pune,Other,Fruits,15,500,1000,900,02-Jul-18
Maharashtra,Pune,Pune,Other,Fruits,4,500,1000,900,01-Jul-18
Maharashtra,Pune,Pune,Other,Fruits,20,500,1000,800,29-Jun-18
Maharashtra,Pune,Pune,Other,Fruits,22,500,1000,900,28-Jun-18
Maharashtra,Pune,Pune,Other,Fruits,23,500,1000,800,27-Jun-18
Maharashtra,Pune,Pune,Other,Fruits,14,500,1000,900,26-Jun-18
Maharashtra,Pune,Pune,Other,Fruits,48,500,1000,800,25-Jun-18
Maharashtra,Pune,Pune,Other,Fruits,15,500,1000,800,24-Jun-18
Maharashtra,Pune,Pune,Other,Fruits,34,500,1000,800,22-Jun-18
Maharashtra,Pune,Pune,Other,Fruits,32,500,1000,700,21-Jun-18
Maharashtra,Pune,Pune,Other,Fruits,62,500,1500,1000,20-Jun-18
Maharashtra,Pune,Pune,Other,Fruits,66,500,1200,1000,19-Jun-18
Maharashtra,Pune,Pune,Other,Fruits,57,500,1200,1000,18-Jun-18
Maharashtra,Pune,Pune,Other,Fruits,36,500,1200,1000,17-Jun-18
Maharashtra,Pune,Pune,Other,Fruits,28,500,1000,800,15-Jun-18
Maharashtra,Pune,Pune,Other,Fruits,26,500,1200,1000,14-Jun-18
Maharashtra,Pune,Pune,Other,Fruits,31,500,1500,1000,13-Jun-18
Maharashtra,Pune,Pune,Other,Fruits,48,500,1500,1000,12-Jun-18
Maharashtra,Pune,Pune,Other,Fruits,41,500,1000,700,11-Jun-18
Maharashtra,Pune,Pune,Other,Fruits,50,500,1500,1000,10-Jun-18
Maharashtra,Pune,Pune,Other,Fruits,27,500,1500,1000,08-Jun-18
Maharashtra,Pune,Pune,Other,Fruits,35,500,1500,1000,07-Jun-18
Maharashtra,Pune,Pune,Other,Fruits,41,500,1500,1000,06-Jun-18
Maharashtra,Pune,Pune,Other,Fruits,43,500,1500,1000,05-Jun-18
Maharashtra,Pune,Pune,Other,Fruits,69,500,1500,1000,04-Jun-18
Maharashtra,Pune,Pune,Other,Fruits,57,500,1700,1000,03-Jun-18
Maharashtra,Pune,Pune,Other,Fruits,11,500,1500,1000,01-Jun-18
Maharashtra,Pune,Pune,Other,Fruits,59,500,1200,1000,31-May-18
Maharashtra,Pune,Pune,Other,Fruits,78,500,1500,1000,30-May-18
Maharashtra,Pune,Pune,Other,Fruits,61,500,1500,1000,29-May-18
Maharashtra,Pune,Pune,Other,Fruits,72,500,1500,1000,28-May-18
Maharashtra,Pune,Pune,Other,Fruits,94,500,1500,1000,25-May-18
Maharashtra,Pune,Pune,Other,Fruits,99,500,1500,1000,24-May-18
Maharashtra,Pune,Pune,Other,Fruits,113,500,1500,1000,23-May-18
Maharashtra,Pune,Pune,Other,Fruits,124,500,1500,1000,22-May-18
Maharashtra,Pune,Pune,Other,Fruits,99,500,1600,1000,21-May-18
Maharashtra,Pune,Pune,Other,Fruits,79,500,1500,1000,20-May-18
Maharashtra,Pune,Pune,Other,Fruits,50,500,1700,1000,18-May-18
Maharashtra,Pune,Pune,Other,Fruits,54,500,1500,1000,17-May-18
Maharashtra,Pune,Pune,Other,Fruits,52,500,1500,1000,16-May-18
Maharashtra,Pune,Pune,Other,Fruits,71,500,1500,1000,15-May-18
Maharashtra,Pune,Pune,Other,Fruits,103,700,2000,1000,14-May-18
Maharashtra,Pune,Pune,Other,Fruits,99,500,1500,1000,13-May-18
Maharashtra,Pune,Pune,Other,Fruits,90,500,1500,1000,11-May-18
Maharashtra,Pune,Pune,Other,Fruits,64,500,1500,1000,10-May-18
Maharashtra,Pune,Pune,Other,Fruits,77,500,1500,1000,09-May-18
Maharashtra,Pune,Pune,Other,Fruits,137,500,1500,1000,08-May-18
Maharashtra,Pune,Pune,Other,Fruits,77,500,1500,1000,07-May-18
Maharashtra,Pune,Pune,Other,Fruits,81,500,1200,1000,06-May-18
Maharashtra,Pune,Pune,Other,Fruits,80,500,1500,1000,04-May-18
Maharashtra,Pune,Pune,Other,Fruits,77,500,1500,1000,03-May-18
Maharashtra,Pune,Pune,Other,Fruits,99,500,1200,1000,02-May-18
Maharashtra,Pune,Pune,Other,Fruits,146,500,1500,1000,30-Apr-18
Maharashtra,Pune,Pune,Other,Fruits,118,500,1300,1000,29-Apr-18
Maharashtra,Pune,Pune,Other,Fruits,94,500,800,600,27-Apr-18
Maharashtra,Pune,Pune,Other,Fruits,130,300,800,500,26-Apr-18
Maharashtra,Pune,Pune,Other,Fruits,120,500,900,700,25-Apr-18
Maharashtra,Pune,Pune,Other,Fruits,110,500,800,600,24-Apr-18
Maharashtra,Pune,Pune,Other,Fruits,103,500,1000,700,23-Apr-18
Maharashtra,Pune,Pune,Other,Fruits,90,300,1000,500,22-Apr-18
Maharashtra,Pune,Pune,Other,Fruits,111,500,800,600,20-Apr-18
Maharashtra,Pune,Pune,Other,Fruits,101,500,900,700,19-Apr-18
Maharashtra,Pune,Pune,Other,Fruits,101,300,800,500,18-Apr-18
Maharashtra,Pune,Pune,Other,Fruits,56,1000,2000,1200,17-Apr-18
Maharashtra,Pune,Pune,Other,Fruits,89,500,1000,1000,16-Apr-18
Maharashtra,Pune,Pune,Other,Fruits,117,500,1000,600,13-Apr-18
Maharashtra,Pune,Pune,Other,Fruits,95,500,1000,700,12-Apr-18
Maharashtra,Pune,Pune,Other,Fruits,175,500,800,600,11-Apr-18
Maharashtra,Pune,Pune,Other,Fruits,100,500,1000,700,10-Apr-18
Maharashtra,Pune,Pune,Other,Fruits,94,500,1500,1000,09-Apr-18
Maharashtra,Pune,Pune,Other,Fruits,82,5,10,7,08-Apr-18
Maharashtra,Pune,Pune,Other,Fruits,121,300,800,700,06-Apr-18
Maharashtra,Pune,Pune,Other,Fruits,105,500,1000,900,05-Apr-18
Maharashtra,Pune,Pune,Other,Fruits,145,300,1000,1000,04-Apr-18
Maharashtra,Pune,Pune,Other,Fruits,120,300,1000,1000,03-Apr-18
Maharashtra,Pune,Pune,Other,Fruits,57,500,1000,1000,02-Apr-18
Maharashtra,Pune,Pune,Other,Fruits,85,300,1000,800,01-Apr-18
Maharashtra,Pune,Pune,Other,Fruits,136,500,1200,1000,30-Mar-18
Maharashtra,Pune,Pune,Other,Fruits,134,500,1000,900,29-Mar-18
Maharashtra,Pune,Pune,Other,Fruits,109,500,1200,1000,28-Mar-18
Maharashtra,Pune,Pune,Other,Fruits,2,500,1000,900,27-Mar-18
Maharashtra,Pune,Pune,Other,Fruits,127,500,1000,900,26-Mar-18
Maharashtra,Pune,Pune,Other,Fruits,107,500,1200,1000,25-Mar-18
Maharashtra,Pune,Pune,Other,Fruits,116,500,1000,900,23-Mar-18
Maharashtra,Pune,Pune,Other,Fruits,41,500,1200,1000,22-Mar-18
Maharashtra,Pune,Pune,Other,Fruits,46,500,1000,800,21-Mar-18
Maharashtra,Pune,Pune,Other,Fruits,97,500,1000,900,20-Mar-18
Maharashtra,Pune,Pune,Other,Fruits,39,500,1000,800,19-Mar-18
Maharashtra,Pune,Pune,Other,Fruits,42,500,1200,1000,18-Mar-18
Maharashtra,Pune,Pune,Other,Fruits,48,500,1500,1000,16-Mar-18
Maharashtra,Pune,Pune,Other,Fruits,90,500,1200,1000,15-Mar-18
Maharashtra,Pune,Pune,Other,Fruits,66,500,1200,1000,14-Mar-18
Maharashtra,Pune,Pune,Other,Fruits,73,500,1200,1000,13-Mar-18
Maharashtra,Pune,Pune,Other,Fruits,59,500,1500,1000,12-Mar-18
Maharashtra,Pune,Pune,Other,Fruits,89,500,1500,1000,11-Mar-18
Maharashtra,Pune,Pune,Other,Fruits,101,500,1500,1100,09-Mar-18
Maharashtra,Pune,Pune,Other,Fruits,56,500,1500,1000,08-Mar-18
Maharashtra,Pune,Pune,Other,Fruits,83,500,1000,700,07-Mar-18
Maharashtra,Pune,Pune,Other,Fruits,115,500,1500,1000,06-Mar-18
Maharashtra,Pune,Pune,Other,Fruits,54,500,1500,1000,05-Mar-18
Maharashtra,Pune,Pune,Other,Fruits,72,500,1500,1000,01-Mar-18
Maharashtra,Pune,Pune,Other,Fruits,81,500,1200,1000,28-Feb-18
Maharashtra,Pune,Pune,Other,Fruits,64,500,1200,1000,26-Feb-18
Maharashtra,Pune,Pune,Other,Fruits,73,500,1200,800,25-Feb-18
Maharashtra,Pune,Pune,Other,Fruits,60,500,1500,1000,23-Feb-18
Maharashtra,Pune,Pune,Other,Fruits,91,500,1500,1000,22-Feb-18
Maharashtra,Pune,Pune,Other,Fruits,53,500,1200,1000,21-Feb-18
Maharashtra,Pune,Pune,Other,Fruits,58,500,1200,1000,20-Feb-18
Maharashtra,Pune,Pune,Other,Fruits,60,500,1200,900,19-Feb-18
Maharashtra,Pune,Pune,Other,Fruits,53,500,1200,1000,18-Feb-18
Maharashtra,Pune,Pune,Other,Fruits,35,500,1200,1000,16-Feb-18
Maharashtra,Pune,Pune,Other,Fruits,39,500,1200,1000,15-Feb-18
Maharashtra,Pune,Pune,Other,Fruits,22,500,1000,700,14-Feb-18
Maharashtra,Pune,Pune,Other,Fruits,16,500,1500,1000,13-Feb-18
Maharashtra,Pune,Pune,Other,Fruits,10,500,1200,1000,12-Feb-18
Maharashtra,Pune,Pune,Other,Fruits,40,500,1500,1000,11-Feb-18
Maharashtra,Pune,Pune,Other,Fruits,40,500,1500,1000,09-Feb-18
Maharashtra,Pune,Pune,Other,Fruits,28,500,1200,700,08-Feb-18
Maharashtra,Pune,Pune,Other,Fruits,15,500,1200,700,07-Feb-18
Maharashtra,Pune,Pune,Other,Fruits,19,500,1500,800,06-Feb-18
Maharashtra,Pune,Pune,Other,Fruits,20,500,1500,700,05-Feb-18
Maharashtra,Pune,Pune,Other,Fruits,26,500,1200,700,04-Feb-18
Maharashtra,Pune,Pune,Other,Fruits,20,500,1500,800,01-Feb-18
Maharashtra,Pune,Pune,Other,Fruits,7,500,1500,800,31-Jan-18
Maharashtra,Pune,Pune,Other,Fruits,12,500,1200,700,30-Jan-18
Maharashtra,Pune,Pune,Other,Fruits,22,500,1200,700,29-Jan-18
Maharashtra,Pune,Pune,Other,Fruits,16,500,1200,700,28-Jan-18
Maharashtra,Pune,Pune,Other,Fruits,6,500,1500,1000,25-Jan-18
Maharashtra,Pune,Pune,Other,Fruits,14,500,1200,800,24-Jan-18
Maharashtra,Pune,Pune,Other,Fruits,19,500,1200,800,23-Jan-18
Maharashtra,Pune,Pune,Other,Fruits,14,500,1000,700,22-Jan-18
Maharashtra,Pune,Pune,Other,Fruits,13,500,1200,700,21-Jan-18
Maharashtra,Pune,Pune,Other,Fruits,12,500,1200,700,19-Jan-18
Maharashtra,Pune,Pune,Other,Fruits,19,500,1200,800,18-Jan-18
Maharashtra,Pune,Pune,Other,Fruits,1400,500,1200,750,09-Jan-18
Maharashtra,Sangli,"Sangli(Phale, Bhajipura Market)",Other,Fruits,2,333,2000,1250,31-Dec-18
Maharashtra,Sangli,"Sangli(Phale, Bhajipura Market)",Other,Fruits,23,333,2166,1250,29-Dec-18
Maharashtra,Sangli,"Sangli(Phale, Bhajipura Market)",Other,Fruits,3,416,2166,1292,28-Dec-18
Maharashtra,Sangli,"Sangli(Phale, Bhajipura Market)",Other,Fruits,5,416,1666,1333,27-Dec-18
Maharashtra,Sangli,"Sangli(Phale, Bhajipura Market)",Other,Fruits,102,500,2500,1500,26-Dec-18
Maharashtra,Sangli,"Sangli(Phale, Bhajipura Market)",Other,Fruits,18,500,2500,1500,24-Dec-18
Maharashtra,Sangli,"Sangli(Phale, Bhajipura Market)",Other,Fruits,40,500,2500,1500,22-Dec-18
Maharashtra,Sangli,"Sangli(Phale, Bhajipura Market)",Other,Fruits,2,500,1667,1333,19-Dec-18
Maharashtra,Sangli,"Sangli(Phale, Bhajipura Market)",Other,Fruits,60,333,999,666,17-Dec-18
Maharashtra,Sangli,"Sangli(Phale, Bhajipura Market)",Other,Fruits,13,333,999,666,15-Dec-18
Maharashtra,Sangli,"Sangli(Phale, Bhajipura Market)",Other,Fruits,18,383,833,667,14-Dec-18
Maharashtra,Sangli,"Sangli(Phale, Bhajipura Market)",Other,Fruits,2,383,833,600,13-Dec-18
Maharashtra,Sangli,"Sangli(Phale, Bhajipura Market)",Other,Fruits,23,433,833,667,12-Dec-18
Maharashtra,Sangli,"Sangli(Phale, Bhajipura Market)",Other,Fruits,45,433,917,667,10-Dec-18
Maharashtra,Sangli,"Sangli(Phale, Bhajipura Market)",Other,Fruits,5,433,918,667,08-Dec-18
Maharashtra,Sangli,"Sangli(Phale, Bhajipura Market)",Other,Fruits,15,250,667,500,05-Dec-18
Maharashtra,Sangli,"Sangli(Phale, Bhajipura Market)",Other,Fruits,10,333,833,666,04-Dec-18
Maharashtra,Sangli,"Sangli(Phale, Bhajipura Market)",Other,Fruits,45,333,833,666,03-Dec-18
Maharashtra,Sangli,"Sangli(Phale, Bhajipura Market)",Other,Fruits,7,416,916,666,01-Dec-18
Maharashtra,Sangli,"Sangli(Phale, Bhajipura Market)",Other,Fruits,10,500,783,583,24-Nov-18
Maharashtra,Sangli,"Sangli(Phale, Bhajipura Market)",Other,Fruits,4,133,333,250,22-Nov-18
Maharashtra,Sangli,"Sangli(Phale, Bhajipura Market)",Other,Fruits,3,50,100,80,23-Oct-18
Maharashtra,Sangli,"Sangli(Phale, Bhajipura Market)",Other,Fruits,24,83,250,166,01-Sep-18
Maharashtra,Sangli,"Sangli(Phale, Bhajipura Market)",Other,Fruits,54,83,150,120,27-Aug-18
Maharashtra,Sangli,"Sangli(Phale, Bhajipura Market)",Other,Fruits,90,83,150,120,25-Aug-18
Maharashtra,Sangli,"Sangli(Phale, Bhajipura Market)",Other,Fruits,36,83,250,166,21-Aug-18
Maharashtra,Sangli,"Sangli(Phale, Bhajipura Market)",Other,Fruits,18,83,120,100,20-Aug-18
Maharashtra,Sangli,"Sangli(Phale, Bhajipura Market)",Other,Fruits,2,83,120,100,18-Aug-18
Maharashtra,Sangli,"Sangli(Phale, Bhajipura Market)",Other,Fruits,2,83,120,100,13-Aug-18
Maharashtra,Sangli,"Sangli(Phale, Bhajipura Market)",Other,Fruits,2,83,120,100,11-Aug-18
Maharashtra,Sangli,"Sangli(Phale, Bhajipura Market)",Other,Fruits,2,83,120,100,10-Aug-18
Maharashtra,Sangli,"Sangli(Phale, Bhajipura Market)",Other,Fruits,10,83,166,100,04-Aug-18
Maharashtra,Sangli,"Sangli(Phale, Bhajipura Market)",Other,Fruits,10,83,120,100,03-Aug-18
Maharashtra,Sangli,"Sangli(Phale, Bhajipura Market)",Other,Fruits,10,83,150,100,30-Jul-18
Maharashtra,Sangli,"Sangli(Phale, Bhajipura Market)",Other,Fruits,6,83,166,100,14-Jul-18
Maharashtra,Sangli,"Sangli(Phale, Bhajipura Market)",Other,Fruits,8,83,500,333,11-Jul-18
Maharashtra,Sangli,"Sangli(Phale, Bhajipura Market)",Other,Fruits,15,83,500,333,10-Jul-18
Maharashtra,Sangli,"Sangli(Phale, Bhajipura Market)",Other,Fruits,1,83,500,333,14-Jun-18
Maharashtra,Sangli,"Sangli(Phale, Bhajipura Market)",Other,Fruits,1,83,500,333,11-Jun-18
Maharashtra,Sangli,"Sangli(Phale, Bhajipura Market)",Other,Fruits,6,83,500,333,09-Jun-18
Maharashtra,Sangli,"Sangli(Phale, Bhajipura Market)",Other,Fruits,1,83,500,333,06-Jun-18
Maharashtra,Sangli,"Sangli(Phale, Bhajipura Market)",Other,Fruits,18,83,500,333,05-Jun-18
Maharashtra,Sangli,"Sangli(Phale, Bhajipura Market)",Other,Fruits,16,583,750,666,04-Jun-18
Maharashtra,Sangli,"Sangli(Phale, Bhajipura Market)",Other,Fruits,1,83,500,333,02-Jun-18
Maharashtra,Sangli,"Sangli(Phale, Bhajipura Market)",Other,Fruits,15,83,500,333,31-May-18
Maharashtra,Sangli,"Sangli(Phale, Bhajipura Market)",Other,Fruits,5,83,500,333,30-May-18
Maharashtra,Sangli,"Sangli(Phale, Bhajipura Market)",Other,Fruits,4,83,500,333,29-May-18
Maharashtra,Sangli,"Sangli(Phale, Bhajipura Market)",Other,Fruits,3,83,500,333,28-May-18
Maharashtra,Sangli,"Sangli(Phale, Bhajipura Market)",Other,Fruits,6,83,500,333,26-May-18
Maharashtra,Sangli,"Sangli(Phale, Bhajipura Market)",Other,Fruits,48,83,500,333,25-May-18
Maharashtra,Sangli,"Sangli(Phale, Bhajipura Market)",Other,Fruits,36,83,500,333,24-May-18
Maharashtra,Sangli,"Sangli(Phale, Bhajipura Market)",Other,Fruits,22,83,500,333,23-May-18
Maharashtra,Sangli,"Sangli(Phale, Bhajipura Market)",Other,Fruits,9,83,833,500,22-May-18
Maharashtra,Sangli,"Sangli(Phale, Bhajipura Market)",Other,Fruits,17,83,833,500,21-May-18
Maharashtra,Sangli,"Sangli(Phale, Bhajipura Market)",Other,Fruits,10,83,833,500,19-May-18
Maharashtra,Sangli,"Sangli(Phale, Bhajipura Market)",Other,Fruits,3,83,833,500,18-May-18
Maharashtra,Sangli,"Sangli(Phale, Bhajipura Market)",Other,Fruits,8,83,833,500,17-May-18
Maharashtra,Sangli,"Sangli(Phale, Bhajipura Market)",Other,Fruits,14,83,500,333,16-May-18
Maharashtra,Sangli,"Sangli(Phale, Bhajipura Market)",Other,Fruits,8,83,500,333,15-May-18
Maharashtra,Sangli,"Sangli(Phale, Bhajipura Market)",Other,Fruits,14,83,500,333,14-May-18
Maharashtra,Sangli,"Sangli(Phale, Bhajipura Market)",Other,Fruits,1,83,833,500,11-May-18
Maharashtra,Sangli,"Sangli(Phale, Bhajipura Market)",Other,Fruits,2,83,833,500,10-May-18
Maharashtra,Sangli,"Sangli(Phale, Bhajipura Market)",Other,Fruits,28,83,833,500,09-May-18
Maharashtra,Sangli,"Sangli(Phale, Bhajipura Market)",Other,Fruits,29,83,833,500,07-May-18
Maharashtra,Sangli,"Sangli(Phale, Bhajipura Market)",Other,Fruits,22,83,833,500,05-May-18
Maharashtra,Sangli,"Sangli(Phale, Bhajipura Market)",Other,Fruits,6,83,833,500,04-May-18
Maharashtra,Sangli,"Sangli(Phale, Bhajipura Market)",Other,Fruits,7,83,833,500,03-May-18
Maharashtra,Sangli,"Sangli(Phale, Bhajipura Market)",Other,Fruits,36,83,833,500,02-May-18
Maharashtra,Sangli,"Sangli(Phale, Bhajipura Market)",Other,Fruits,33,83,833,500,28-Apr-18
Maharashtra,Sangli,"Sangli(Phale, Bhajipura Market)",Other,Fruits,23,83,833,500,27-Apr-18
Maharashtra,Sangli,"Sangli(Phale, Bhajipura Market)",Other,Fruits,19,83,833,500,26-Apr-18
Maharashtra,Sangli,"Sangli(Phale, Bhajipura Market)",Other,Fruits,76,83,833,500,25-Apr-18
Maharashtra,Sangli,"Sangli(Phale, Bhajipura Market)",Other,Fruits,38,83,833,500,24-Apr-18
Maharashtra,Sangli,"Sangli(Phale, Bhajipura Market)",Other,Fruits,63,83,833,500,23-Apr-18
Maharashtra,Sangli,"Sangli(Phale, Bhajipura Market)",Other,Fruits,48,83,833,500,21-Apr-18
Maharashtra,Sangli,"Sangli(Phale, Bhajipura Market)",Other,Fruits,33,83,833,500,20-Apr-18
Maharashtra,Sangli,"Sangli(Phale, Bhajipura Market)",Other,Fruits,117,83,833,500,19-Apr-18
Maharashtra,Sangli,"Sangli(Phale, Bhajipura Market)",Other,Fruits,17,83,833,500,17-Apr-18
Maharashtra,Sangli,"Sangli(Phale, Bhajipura Market)",Other,Fruits,72,83,833,500,16-Apr-18
Maharashtra,Sangli,"Sangli(Phale, Bhajipura Market)",Other,Fruits,54,83,833,500,13-Apr-18
Maharashtra,Sangli,"Sangli(Phale, Bhajipura Market)",Other,Fruits,42,83,583,333,12-Apr-18
Maharashtra,Sangli,"Sangli(Phale, Bhajipura Market)",Other,Fruits,24,83,833,500,11-Apr-18
Maharashtra,Sangli,"Sangli(Phale, Bhajipura Market)",Other,Fruits,34,83,833,500,10-Apr-18
Maharashtra,Sangli,"Sangli(Phale, Bhajipura Market)",Other,Fruits,104,83,666,333,09-Apr-18
Maharashtra,Sangli,"Sangli(Phale, Bhajipura Market)",Other,Fruits,74,83,666,333,07-Apr-18
Maharashtra,Sangli,"Sangli(Phale, Bhajipura Market)",Other,Fruits,62,83,833,500,06-Apr-18
Maharashtra,Sangli,"Sangli(Phale, Bhajipura Market)",Other,Fruits,44,83,833,500,05-Apr-18
Maharashtra,Sangli,"Sangli(Phale, Bhajipura Market)",Other,Fruits,81,83,833,500,04-Apr-18
Maharashtra,Sangli,"Sangli(Phale, Bhajipura Market)",Other,Fruits,34,83,583,333,03-Apr-18
Maharashtra,Sangli,"Sangli(Phale, Bhajipura Market)",Other,Fruits,73,83,833,500,02-Apr-18
Maharashtra,Sangli,"Sangli(Phale, Bhajipura Market)",Other,Fruits,228,83,833,500,31-Mar-18
Maharashtra,Sangli,"Sangli(Phale, Bhajipura Market)",Other,Fruits,113,83,833,500,28-Mar-18
Maharashtra,Sangli,"Sangli(Phale, Bhajipura Market)",Other,Fruits,122,83,500,333,27-Mar-18
Maharashtra,Sangli,"Sangli(Phale, Bhajipura Market)",Other,Fruits,239,83,833,500,26-Mar-18
Maharashtra,Sangli,"Sangli(Phale, Bhajipura Market)",Other,Fruits,158,83,833,500,24-Mar-18
Maharashtra,Sangli,"Sangli(Phale, Bhajipura Market)",Other,Fruits,61,83,833,500,23-Mar-18
Maharashtra,Sangli,"Sangli(Phale, Bhajipura Market)",Other,Fruits,19,83,833,500,22-Mar-18
Maharashtra,Sangli,"Sangli(Phale, Bhajipura Market)",Other,Fruits,98,83,833,500,21-Mar-18
Maharashtra,Sangli,"Sangli(Phale, Bhajipura Market)",Other,Fruits,21,83,833,500,20-Mar-18
Maharashtra,Sangli,"Sangli(Phale, Bhajipura Market)",Other,Fruits,87,83,833,500,19-Mar-18
Maharashtra,Sangli,"Sangli(Phale, Bhajipura Market)",Other,Fruits,87,83,667,500,17-Mar-18
Maharashtra,Sangli,"Sangli(Phale, Bhajipura Market)",Other,Fruits,42,83,833,500,16-Mar-18
Maharashtra,Sangli,"Sangli(Phale, Bhajipura Market)",Other,Fruits,62,83,667,500,15-Mar-18
Maharashtra,Sangli,"Sangli(Phale, Bhajipura Market)",Other,Fruits,116,83,833,500,14-Mar-18
Maharashtra,Sangli,"Sangli(Phale, Bhajipura Market)",Other,Fruits,27,83,833,500,13-Mar-18
Maharashtra,Sangli,"Sangli(Phale, Bhajipura Market)",Other,Fruits,74,83,833,416,12-Mar-18
Maharashtra,Sangli,"Sangli(Phale, Bhajipura Market)",Other,Fruits,62,83,833,500,10-Mar-18
Maharashtra,Sangli,"Sangli(Phale, Bhajipura Market)",Other,Fruits,30,83,666,333,08-Mar-18
Maharashtra,Sangli,"Sangli(Phale, Bhajipura Market)",Other,Fruits,81,83,666,333,07-Mar-18
Maharashtra,Sangli,"Sangli(Phale, Bhajipura Market)",Other,Fruits,65,83,666,333,03-Mar-18
Maharashtra,Sangli,"Sangli(Phale, Bhajipura Market)",Other,Fruits,24,83,666,333,01-Mar-18
Maharashtra,Sangli,"Sangli(Phale, Bhajipura Market)",Other,Fruits,22,83,667,333,27-Feb-18
Maharashtra,Sangli,"Sangli(Phale, Bhajipura Market)",Other,Fruits,68,83,667,333,26-Feb-18
Maharashtra,Sangli,"Sangli(Phale, Bhajipura Market)",Other,Fruits,172,83,833,500,24-Feb-18
Maharashtra,Sangli,"Sangli(Phale, Bhajipura Market)",Other,Fruits,28,83,650,333,22-Feb-18
Maharashtra,Sangli,"Sangli(Phale, Bhajipura Market)",Other,Fruits,59,83,500,250,21-Feb-18
Maharashtra,Sangli,"Sangli(Phale, Bhajipura Market)",Other,Fruits,9,83,500,250,20-Feb-18
Maharashtra,Sangli,"Sangli(Phale, Bhajipura Market)",Other,Fruits,45,83,500,250,17-Feb-18
Maharashtra,Sangli,"Sangli(Phale, Bhajipura Market)",Other,Fruits,55,83,500,250,16-Feb-18
Maharashtra,Sangli,"Sangli(Phale, Bhajipura Market)",Other,Fruits,16,83,500,250,15-Feb-18
Maharashtra,Sangli,"Sangli(Phale, Bhajipura Market)",Other,Fruits,22,83,500,250,14-Feb-18
Maharashtra,Sangli,"Sangli(Phale, Bhajipura Market)",Other,Fruits,21,83,500,250,12-Feb-18
Maharashtra,Sangli,"Sangli(Phale, Bhajipura Market)",Other,Fruits,45,83,500,250,10-Feb-18
Maharashtra,Sangli,"Sangli(Phale, Bhajipura Market)",Other,Fruits,15,83,500,250,09-Feb-18
Maharashtra,Sangli,"Sangli(Phale, Bhajipura Market)",Other,Fruits,4,83,500,250,08-Feb-18
Maharashtra,Sangli,"Sangli(Phale, Bhajipura Market)",Other,Fruits,12,83,500,250,07-Feb-18
Maharashtra,Sangli,"Sangli(Phale, Bhajipura Market)",Other,Fruits,2,83,500,250,06-Feb-18
Maharashtra,Sangli,"Sangli(Phale, Bhajipura Market)",Other,Fruits,24,83,500,333,05-Feb-18
Maharashtra,Sangli,"Sangli(Phale, Bhajipura Market)",Other,Fruits,14,83,500,333,03-Feb-18
Maharashtra,Sangli,"Sangli(Phale, Bhajipura Market)",Other,Fruits,15,83,500,250,02-Feb-18
Maharashtra,Sangli,"Sangli(Phale, Bhajipura Market)",Other,Fruits,4,83,500,250,01-Feb-18
Maharashtra,Sangli,"Sangli(Phale, Bhajipura Market)",Other,Fruits,57,83,500,250,31-Jan-18
Maharashtra,Sangli,"Sangli(Phale, Bhajipura Market)",Other,Fruits,14,83,500,250,29-Jan-18
Maharashtra,Sangli,"Sangli(Phale, Bhajipura Market)",Other,Fruits,22,83,450,333,27-Jan-18
Maharashtra,Sangli,"Sangli(Phale, Bhajipura Market)",Other,Fruits,16,83,833,416,22-Jan-18
Maharashtra,Sangli,"Sangli(Phale, Bhajipura Market)",Other,Fruits,14,83,500,250,20-Jan-18
Maharashtra,Sangli,"Sangli(Phale, Bhajipura Market)",Other,Fruits,16,83,500,250,17-Jan-18
Maharashtra,Sangli,"Sangli(Phale, Bhajipura Market)",Other,Fruits,9,83,500,250,15-Jan-18
Maharashtra,Ahmednagar,Shrirampur,Other,Fruits,2,400,600,500,30-Dec-18
Maharashtra,Ahmednagar,Shrirampur,Other,Fruits,2,400,600,500,29-Dec-18
Maharashtra,Ahmednagar,Shrirampur,Other,Fruits,2,600,800,700,28-Dec-18
Maharashtra,Ahmednagar,Shrirampur,Other,Fruits,1,800,1000,900,26-Dec-18
Maharashtra,Ahmednagar,Shrirampur,Other,Fruits,1,1000,1200,1100,19-Dec-18
Maharashtra,Ahmednagar,Shrirampur,Other,Fruits,2,800,1200,1000,09-Dec-18
Maharashtra,Ahmednagar,Shrirampur,Other,Fruits,1,600,800,700,30-Nov-18
Maharashtra,Ahmednagar,Shrirampur,Other,Fruits,1,800,1000,900,23-Nov-18
Maharashtra,Ahmednagar,Shrirampur,Other,Fruits,1,600,800,700,05-Nov-18
Maharashtra,Ahmednagar,Shrirampur,Other,Fruits,1,600,800,700,04-Nov-18
Maharashtra,Ahmednagar,Shrirampur,Other,Fruits,1,600,800,700,03-Nov-18
Maharashtra,Ahmednagar,Shrirampur,Other,Fruits,2,600,800,700,02-Nov-18
Maharashtra,Ahmednagar,Shrirampur,Other,Fruits,2,800,1200,1100,01-Nov-18
Maharashtra,Ahmednagar,Shrirampur,Other,Fruits,1,500,700,600,31-Oct-18
Maharashtra,Ahmednagar,Shrirampur,Other,Fruits,1,200,400,300,28-Oct-18
Maharashtra,Ahmednagar,Shrirampur,Other,Fruits,1,600,800,700,27-Oct-18
Maharashtra,Ahmednagar,Shrirampur,Other,Fruits,1,400,600,500,24-Oct-18
Maharashtra,Ahmednagar,Shrirampur,Other,Fruits,1,300,500,400,21-Oct-18
Maharashtra,Ahmednagar,Shrirampur,Other,Fruits,1,600,800,700,19-Oct-18
Maharashtra,Ahmednagar,Shrirampur,Other,Fruits,1,300,500,400,18-Oct-18
Maharashtra,Ahmednagar,Shrirampur,Other,Fruits,1,300,500,400,17-Oct-18
Maharashtra,Ahmednagar,Shrirampur,Other,Fruits,1,300,500,400,14-Oct-18
Maharashtra,Ahmednagar,Shrirampur,Other,Fruits,1,300,500,400,12-Oct-18
Maharashtra,Ahmednagar,Shrirampur,Other,Fruits,1,300,500,400,05-Oct-18
Maharashtra,Ahmednagar,Shrirampur,Other,Fruits,1,1000,1500,1250,29-Sep-18
Maharashtra,Ahmednagar,Shrirampur,Other,Fruits,1,300,500,400,19-Sep-18
Maharashtra,Ahmednagar,Shrirampur,Other,Fruits,1,600,800,700,17-Sep-18
Maharashtra,Ahmednagar,Shrirampur,Other,Fruits,1,400,600,500,09-Sep-18
Maharashtra,Ahmednagar,Shrirampur,Other,Fruits,1,300,500,400,07-Sep-18
Maharashtra,Ahmednagar,Shrirampur,Other,Fruits,1,400,600,500,02-Sep-18
Maharashtra,Ahmednagar,Shrirampur,Other,Fruits,1,300,500,400,29-Aug-18
Maharashtra,Ahmednagar,Shrirampur,Other,Fruits,1,300,500,400,27-Aug-18
Maharashtra,Ahmednagar,Shrirampur,Other,Fruits,1,600,800,700,26-Aug-18
Maharashtra,Ahmednagar,Shrirampur,Other,Fruits,1,300,500,400,13-Aug-18
Maharashtra,Ahmednagar,Shrirampur,Other,Fruits,1,400,600,500,08-Aug-18
Maharashtra,Ahmednagar,Shrirampur,Other,Fruits,1,300,500,400,28-Jul-18
Maharashtra,Ahmednagar,Shrirampur,Other,Fruits,1,300,500,400,27-Jul-18
Maharashtra,Ahmednagar,Shrirampur,Other,Fruits,1,600,800,700,13-Jul-18
Maharashtra,Ahmednagar,Shrirampur,Other,Fruits,1,800,1000,900,01-Jul-18
Maharashtra,Ahmednagar,Shrirampur,Other,Fruits,1,600,800,700,29-Jun-18
Maharashtra,Ahmednagar,Shrirampur,Other,Fruits,2,600,1100,800,22-Jun-18
Maharashtra,Ahmednagar,Shrirampur,Other,Fruits,1,800,1100,1000,21-Jun-18
Maharashtra,Ahmednagar,Shrirampur,Other,Fruits,1,800,1100,1000,13-Jun-18
Maharashtra,Ahmednagar,Shrirampur,Other,Fruits,1,800,1100,1000,11-Jun-18
Maharashtra,Ahmednagar,Shrirampur,Other,Fruits,1,800,1000,900,10-Jun-18
Maharashtra,Ahmednagar,Shrirampur,Other,Fruits,1,800,1100,1000,09-Jun-18
Maharashtra,Ahmednagar,Shrirampur,Other,Fruits,2,800,1100,1000,08-Jun-18
Maharashtra,Ahmednagar,Shrirampur,Other,Fruits,2,800,1100,1000,07-Jun-18
Maharashtra,Ahmednagar,Shrirampur,Other,Fruits,3,800,1200,900,03-Jun-18
Maharashtra,Ahmednagar,Shrirampur,Other,Fruits,1,800,1000,900,02-Jun-18
Maharashtra,Ahmednagar,Shrirampur,Other,Fruits,2,800,1100,1000,01-Jun-18
Maharashtra,Ahmednagar,Shrirampur,Other,Fruits,2,800,1100,900,31-May-18
Maharashtra,Ahmednagar,Shrirampur,Other,Fruits,2,900,1100,1000,30-May-18
Maharashtra,Ahmednagar,Shrirampur,Other,Fruits,1,800,1000,900,28-May-18
Maharashtra,Ahmednagar,Shrirampur,Other,Fruits,2,900,1100,1000,27-May-18
Maharashtra,Ahmednagar,Shrirampur,Other,Fruits,2,900,1100,1000,26-May-18
Maharashtra,Ahmednagar,Shrirampur,Other,Fruits,2,800,1100,1000,25-May-18
Maharashtra,Ahmednagar,Shrirampur,Other,Fruits,2,900,1100,1000,24-May-18
Maharashtra,Ahmednagar,Shrirampur,Other,Fruits,3,1000,1200,1100,23-May-18
Maharashtra,Ahmednagar,Shrirampur,Other,Fruits,2,900,1100,1000,21-May-18
Maharashtra,Ahmednagar,Shrirampur,Other,Fruits,3,800,1000,900,20-May-18
Maharashtra,Ahmednagar,Shrirampur,Other,Fruits,3,800,1000,900,19-May-18
Maharashtra,Ahmednagar,Shrirampur,Other,Fruits,2,800,1000,900,18-May-18
Maharashtra,Ahmednagar,Shrirampur,Other,Fruits,2,800,1100,900,17-May-18
Maharashtra,Ahmednagar,Shrirampur,Other,Fruits,3,800,1100,900,16-May-18
Maharashtra,Ahmednagar,Shrirampur,Other,Fruits,2,800,1100,1000,14-May-18
Maharashtra,Ahmednagar,Shrirampur,Other,Fruits,2,800,1100,1000,13-May-18
Maharashtra,Ahmednagar,Shrirampur,Other,Fruits,2,800,1100,1000,12-May-18
Maharashtra,Ahmednagar,Shrirampur,Other,Fruits,2,800,1000,900,10-May-18
Maharashtra,Ahmednagar,Shrirampur,Other,Fruits,3,700,1100,900,09-May-18
Maharashtra,Ahmednagar,Shrirampur,Other,Fruits,3,500,700,600,07-May-18
Maharashtra,Ahmednagar,Shrirampur,Other,Fruits,3,500,700,600,06-May-18
Maharashtra,Ahmednagar,Shrirampur,Other,Fruits,3,400,600,500,05-May-18
Maharashtra,Ahmednagar,Shrirampur,Other,Fruits,3,400,600,500,04-May-18
Maharashtra,Ahmednagar,Shrirampur,Other,Fruits,3,300,500,400,03-May-18
Maharashtra,Ahmednagar,Shrirampur,Other,Fruits,3,300,500,400,02-May-18
Maharashtra,Ahmednagar,Shrirampur,Other,Fruits,3,300,500,400,30-Apr-18
Maharashtra,Ahmednagar,Shrirampur,Other,Fruits,3,300,500,400,29-Apr-18
Maharashtra,Ahmednagar,Shrirampur,Other,Fruits,3,400,600,500,28-Apr-18
Maharashtra,Ahmednagar,Shrirampur,Other,Fruits,3,300,500,400,27-Apr-18
Maharashtra,Ahmednagar,Shrirampur,Other,Fruits,2,400,600,500,26-Apr-18
Maharashtra,Ahmednagar,Shrirampur,Other,Fruits,3,400,600,500,25-Apr-18
Maharashtra,Ahmednagar,Shrirampur,Other,Fruits,3,400,600,500,23-Apr-18
Maharashtra,Ahmednagar,Shrirampur,Other,Fruits,3,300,500,400,22-Apr-18
Maharashtra,Ahmednagar,Shrirampur,Other,Fruits,3,400,600,500,21-Apr-18
Maharashtra,Ahmednagar,Shrirampur,Other,Fruits,3,400,600,500,20-Apr-18
Maharashtra,Ahmednagar,Shrirampur,Other,Fruits,3,300,500,400,19-Apr-18
Maharashtra,Ahmednagar,Shrirampur,Other,Fruits,4,400,600,500,18-Apr-18
Maharashtra,Ahmednagar,Shrirampur,Other,Fruits,3,400,600,500,16-Apr-18
Maharashtra,Ahmednagar,Shrirampur,Other,Fruits,3,400,600,500,15-Apr-18
Maharashtra,Ahmednagar,Shrirampur,Other,Fruits,2,400,600,500,14-Apr-18
Maharashtra,Ahmednagar,Shrirampur,Other,Fruits,4,600,800,700,12-Apr-18
Maharashtra,Ahmednagar,Shrirampur,Other,Fruits,3,400,600,500,11-Apr-18
Maharashtra,Ahmednagar,Shrirampur,Other,Fruits,3,500,700,600,09-Apr-18
Maharashtra,Ahmednagar,Shrirampur,Other,Fruits,3,600,800,700,06-Apr-18
Maharashtra,Ahmednagar,Shrirampur,Other,Fruits,2,800,1000,900,05-Apr-18
Maharashtra,Ahmednagar,Shrirampur,Other,Fruits,2,600,800,700,04-Apr-18
Maharashtra,Ahmednagar,Shrirampur,Other,Fruits,2,600,800,700,02-Apr-18
Maharashtra,Ahmednagar,Shrirampur,Other,Fruits,2,600,800,700,01-Apr-18
Maharashtra,Ahmednagar,Shrirampur,Other,Fruits,2,600,800,700,31-Mar-18
Maharashtra,Ahmednagar,Shrirampur,Other,Fruits,2,600,800,700,30-Mar-18
Maharashtra,Ahmednagar,Shrirampur,Other,Fruits,2,600,800,700,29-Mar-18
Maharashtra,Ahmednagar,Shrirampur,Other,Fruits,2,600,800,700,26-Mar-18
Maharashtra,Ahmednagar,Shrirampur,Other,Fruits,2,600,800,700,25-Mar-18
Maharashtra,Ahmednagar,Shrirampur,Other,Fruits,1,600,800,700,24-Mar-18
Maharashtra,Ahmednagar,Shrirampur,Other,Fruits,2,600,800,700,23-Mar-18
Maharashtra,Ahmednagar,Shrirampur,Other,Fruits,1,600,800,700,22-Mar-18
Maharashtra,Ahmednagar,Shrirampur,Other,Fruits,2,400,600,500,21-Mar-18
Maharashtra,Ahmednagar,Shrirampur,Other,Fruits,1,400,600,500,19-Mar-18
Maharashtra,Ahmednagar,Shrirampur,Other,Fruits,1,600,800,700,18-Mar-18
Maharashtra,Ahmednagar,Shrirampur,Other,Fruits,1,400,600,500,17-Mar-18
Maharashtra,Ahmednagar,Shrirampur,Other,Fruits,1,600,800,700,16-Mar-18
Maharashtra,Ahmednagar,Shrirampur,Other,Fruits,1,600,800,700,15-Mar-18
Maharashtra,Ahmednagar,Shrirampur,Other,Fruits,1,400,600,500,14-Mar-18
Maharashtra,Ahmednagar,Shrirampur,Other,Fruits,1,600,800,700,10-Mar-18
Maharashtra,Ahmednagar,Shrirampur,Other,Fruits,1,500,700,600,09-Mar-18
Maharashtra,Ahmednagar,Shrirampur,Other,Fruits,1,600,800,700,08-Mar-18
Maharashtra,Ahmednagar,Shrirampur,Other,Fruits,1,400,600,500,07-Mar-18
Maharashtra,Ahmednagar,Shrirampur,Other,Fruits,1,400,600,500,05-Mar-18
Maharashtra,Ahmednagar,Shrirampur,Other,Fruits,1,400,600,500,04-Mar-18
Maharashtra,Ahmednagar,Shrirampur,Other,Fruits,1,200,400,300,02-Mar-18
Maharashtra,Ahmednagar,Shrirampur,Other,Fruits,1,600,800,700,23-Feb-18
Maharashtra,Ahmednagar,Shrirampur,Other,Fruits,1,600,800,700,18-Feb-18
Maharashtra,Ahmednagar,Shrirampur,Other,Fruits,1,600,800,700,16-Feb-18
Maharashtra,Ahmednagar,Shrirampur,Other,Fruits,1,600,800,700,15-Feb-18
Maharashtra,Ahmednagar,Shrirampur,Other,Fruits,1,500,700,600,14-Feb-18
Maharashtra,Ahmednagar,Shrirampur,Other,Fruits,2,400,600,500,11-Feb-18
Maharashtra,Ahmednagar,Shrirampur,Other,Fruits,1,600,800,700,08-Feb-18
Maharashtra,Ahmednagar,Shrirampur,Other,Fruits,1,500,700,600,02-Feb-18
Maharashtra,Ahmednagar,Shrirampur,Other,Fruits,1,400,600,500,03-Jan-18
